time,latitude,longitude,depth,mag,rms,magNst,Distance_to_Nearest_Fault,TimeToNext,year,month,day,hour
1980-07-11 12:33:25.700000+00:00,38.425,40.897,10.0,5.0,1.0618750000000001,23.0,0.0744339102173372,0.0,1980,7,11,12
1980-09-05 21:09:51.800000+00:00,42.507,44.858,33.0,4.5,1.0618750000000001,23.0,0.03112421021044956,56.358635416666665,1980,9,5,21
1980-10-10 11:09:52.100000+00:00,38.315,45.77,33.0,4.7,1.0618750000000001,23.0,0.02752733490470406,34.583336805555554,1980,10,10,11
1980-10-18 03:14:10+00:00,39.851,40.254,35.0,5.0,1.0618750000000001,23.0,0.09582952777719363,7.669651620370371,1980,10,18,3
1980-12-11 00:14:41.100000+00:00,40.22,45.88,62.0,4.8,1.0618750000000001,23.0,0.03620850789669175,53.8753599537037,1980,12,11,0
1980-12-29 21:53:04+00:00,38.609,45.019,33.0,4.6,1.0618750000000001,23.0,0.08279309124247658,18.901653935185184,1980,12,29,21
1981-01-04 07:19:45.600000+00:00,38.443,44.842,33.0,4.7,1.0618750000000001,23.0,0.11387171081967543,5.393537037037037,1981,1,4,7
1981-02-23 04:06:39.580000+00:00,41.793,45.975,33.0,5.1,1.1,52.0,0.027464087062824313,49.865902546296304,1981,2,23,4
1981-04-13 19:41:39.990000+00:00,39.917,40.623,10.0,4.5,0.9,5.0,0.03622894920643943,49.649310300925926,1981,4,13,19
1981-05-12 17:43:03.470000+00:00,42.83,45.765,33.0,5.1,0.9,59.0,0.3481214846860173,28.91763287037037,1981,5,12,17
1981-05-24 22:07:06.790000+00:00,38.44,45.266,33.0,4.6,1.2,12.0,0.038646514926476416,12.18337175925926,1981,5,24,22
1981-07-23 14:07:13.910000+00:00,37.314,45.257,33.0,4.6,1.3,4.0,0.42925400652862933,59.666749074074076,1981,7,23,14
1981-08-04 18:35:41.270000+00:00,38.072,49.34,27.0,5.6,0.9,6.0,0.34358634579816066,12.186427777777778,1981,8,4,18
1981-08-04 18:51:53.870000+00:00,38.24,49.501,33.0,4.5,0.8,4.0,0.47619731630959317,0.011256944444444444,1981,8,4,18
1981-08-05 00:13:51.570000+00:00,38.369,49.554,33.0,4.6,0.9,2.0,0.5097537016215087,0.22358449074074074,1981,8,5,0
1981-10-18 05:22:28.300000+00:00,43.257,45.308,33.0,5.7,1.2,3.0,0.6361788836019286,74.21431400462963,1981,10,18,5
1981-10-18 18:17:59.930000+00:00,43.262,45.429,33.0,4.5,1.1,3.0,0.6717897393835376,0.5385605324074074,1981,10,18,18
1981-10-19 05:49:51.080000+00:00,43.515,45.537,33.0,4.6,1.0,4.0,0.9465389901852962,0.48045312500000004,1981,10,19,5
1981-10-20 14:11:36.170000+00:00,43.243,45.394,33.0,4.7,0.9,7.0,0.6426305501149175,1.3484385416666667,1981,10,20,14
1981-11-19 14:10:35.810000+00:00,40.734,49.193,33.0,5.0,1.2,33.0,0.07209270759420024,29.99930138888889,1981,11,19,14
1981-11-29 23:37:32.640000+00:00,40.836,48.078,44.7,5.1,1.1,42.0,0.0390554922953279,10.393713310185184,1981,11,29,23
1981-12-02 00:51:36.350000+00:00,40.926,48.09,33.0,5.1,1.2,45.0,0.10206356410835808,2.0514318287037034,1981,12,2,0
1981-12-04 02:35:36.750000+00:00,40.865,48.325,33.0,4.7,1.4,15.0,0.10285242383576647,2.072226851851852,1981,12,4,2
1982-01-01 19:30:24.150000+00:00,37.211,42.559,10.0,4.7,1.4,8.0,0.5778537840683748,28.704715277777776,1982,1,1,19
1982-01-20 08:25:41.720000+00:00,40.232,47.814,33.0,4.8,0.7,24.0,0.33810095953249364,18.538397800925928,1982,1,20,8
1982-03-08 09:42:13.960000+00:00,42.004,48.548,33.0,4.8,1.2,9.0,0.8015379712138386,47.05315092592593,1982,3,8,9
1982-03-23 09:56:09.850000+00:00,39.003,42.066,10.0,4.6,1.3,6.0,0.1711709458366091,15.009674652777777,1982,3,23,9
1982-03-23 15:10:35.410000+00:00,38.877,41.5,10.0,4.5,1.5,2.0,0.0009863850098520328,0.21835138888888891,1982,3,23,15
1982-03-27 19:57:23.160000+00:00,39.167,41.899,33.0,5.4,1.1,58.0,0.003943341860450789,4.199163773148148,1982,3,27,19
1982-04-24 18:04:05.110000+00:00,38.36,39.577,10.0,4.5,1.1,11.0,0.07292089717183554,27.921318865740744,1982,4,24,18
1982-04-29 16:27:16.830000+00:00,41.024,48.092,33.0,4.5,1.2,15.0,0.008417019987651523,4.932774537037036,1982,4,29,16
1982-05-03 04:10:03.520000+00:00,41.183,46.198,33.0,5.2,1.0,56.0,0.019363565279133292,3.4880403935185185,1982,5,3,4
1982-05-19 13:32:54.910000+00:00,39.867,42.242,33.0,4.6,1.0,14.0,0.015720464972930157,16.390872569444443,1982,5,19,13
1982-05-25 08:06:08.320000+00:00,41.393,44.001,33.0,4.7,1.0,14.0,0.008583091871512911,5.773071874999999,1982,5,25,8
1982-05-29 14:21:57.570000+00:00,39.413,43.67,10.0,4.8,1.1,33.0,0.20067463442386224,4.260986689814815,1982,5,29,14
1982-10-13 03:51:29.730000+00:00,39.141,41.95,33.0,4.7,1.2,16.0,0.02550798267100437,136.56217777777778,1982,10,13,3
1982-12-09 22:31:38.870000+00:00,38.338,40.599,10.0,4.9,1.3,33.0,0.17908795723394347,57.77788356481481,1982,12,9,22
1982-12-11 16:25:58.280000+00:00,38.318,40.588,33.0,4.5,1.1,7.0,0.19851143927667664,1.7460579861111112,1982,12,11,16
1982-12-17 06:51:33.810000+00:00,40.991,49.561,33.0,4.7,0.6,7.0,0.20149667989522901,5.601105671296296,1982,12,17,6
1982-12-22 09:49:05.080000+00:00,41.769,45.893,33.0,4.6,1.2,7.0,0.03145917276045639,5.123278587962963,1982,12,22,9
1983-01-01 23:06:18.530000+00:00,39.242,40.203,10.0,4.6,1.0,5.0,0.1624997754561294,10.553627893518518,1983,1,1,23
1983-01-21 03:24:00.700000+00:00,42.976,47.009,33.0,4.5,1.2,3.0,1.128955974116778,19.178960300925926,1983,1,21,3
1983-02-23 05:33:55.430000+00:00,40.56,50.034,33.0,4.6,1.4,5.0,0.04440723579044673,33.09021678240741,1983,2,23,5
1983-03-26 10:51:47.320000+00:00,38.863,44.333,33.0,4.5,1.1,4.0,0.03296021609238808,31.220739467592594,1983,3,26,10
1983-04-02 00:32:27.770000+00:00,39.042,48.714,33.0,4.6,1.3,7.0,0.13744448804016923,6.569912615740741,1983,4,2,0
1983-04-06 07:35:46.570000+00:00,39.882,40.411,10.0,5.0,1.0,51.0,0.09616198946856573,4.293967592592592,1983,4,6,7
1983-04-12 17:13:46.880000+00:00,40.577,50.068,33.0,4.6,1.6,4.0,0.06431279883894891,6.401392476851853,1983,4,12,17
1983-06-03 16:34:43.320000+00:00,41.296,50.849,33.0,4.8,1.0,15.0,0.8151681468449603,51.97287546296297,1983,6,3,16
1983-06-20 00:28:36.140000+00:00,39.915,42.095,10.0,4.6,1.2,6.0,0.07944208188850024,16.329083564814816,1983,6,20,0
1983-10-03 11:15:05.190000+00:00,37.232,43.665,10.0,4.6,1.1,11.0,0.2703730292114929,105.44894733796298,1983,10,3,11
1983-10-30 04:12:27.130000+00:00,40.33,42.187,11.6,6.8,1.1,23.0,0.06274172092019936,26.706503935185186,1983,10,30,4
1983-10-30 05:26:24.750000+00:00,40.711,42.313,10.0,4.5,1.4,7.0,0.06797383582347334,0.05136134259259259,1983,10,30,5
1983-10-30 12:40:22.850000+00:00,40.337,42.171,17.0,5.3,1.0,45.0,0.04758785312450466,0.30136689814814815,1983,10,30,12
1983-11-01 18:03:25.590000+00:00,40.399,42.296,10.0,4.7,1.2,8.0,0.04360327668970733,2.2243372685185183,1983,11,1,18
1983-11-02 00:15:16.120000+00:00,40.231,42.166,10.0,4.7,1.4,13.0,0.0022051326760304745,0.25822372685185185,1983,11,2,0
1983-11-02 00:24:20.180000+00:00,40.271,42.05,10.0,4.8,1.1,23.0,0.08839907920335534,0.00629699074074074,1983,11,2,0
1983-11-02 14:56:00.750000+00:00,40.152,41.836,10.0,4.5,1.1,7.0,0.06606296853159599,0.6053306712962963,1983,11,2,14
1983-11-09 03:51:00.990000+00:00,42.478,45.326,33.0,4.5,1.1,12.0,0.030093162947008506,6.538197222222222,1983,11,9,3
1983-11-18 01:15:35.670000+00:00,39.781,39.463,27.1,5.0,1.1,56.0,0.013426889866079131,8.892068055555557,1983,11,18,1
1983-12-17 00:14:24.860000+00:00,41.176,44.118,33.0,4.6,1.3,11.0,0.14507006272143233,28.957513773148147,1983,12,17,0
1984-01-19 09:21:34.630000+00:00,41.38,43.73,33.0,4.5,1.3,8.0,0.06752973357009984,33.37997418981482,1984,1,19,9
1984-01-30 05:58:25.790000+00:00,42.904,45.549,33.0,4.7,1.3,9.0,0.36474599720121653,10.858925462962963,1984,1,30,5
1984-02-12 04:54:48.470000+00:00,40.743,41.938,10.0,4.8,0.9,1.0,0.06082814344504724,12.955818055555556,1984,2,12,4
1984-03-04 10:01:34.740000+00:00,43.058,45.49,33.0,5.2,1.2,4.0,0.49890648149110844,21.213035532407407,1984,3,4,10
1984-03-04 14:51:06.750000+00:00,42.997,45.565,33.0,4.8,1.3,19.0,0.45877650478842485,0.20106493055555555,1984,3,4,14
1984-03-04 19:24:46.160000+00:00,43.07,45.614,33.0,5.3,1.2,72.0,0.5417690497730494,0.1900394675925926,1984,3,4,19
1984-03-07 23:29:32.240000+00:00,38.981,43.212,10.0,4.6,1.3,8.0,0.13781346797029434,3.169977777777778,1984,3,7,23
1984-03-11 23:58:22.790000+00:00,43.359,41.078,10.0,4.8,1.2,48.0,0.029908054538358448,4.020029513888889,1984,3,11,23
1984-03-12 19:58:10.360000+00:00,42.983,45.429,33.0,4.7,1.0,14.0,0.41095430715845155,0.8331894675925927,1984,3,12,19
1984-03-25 02:44:58.120000+00:00,38.488,45.231,33.0,4.5,1.3,5.0,0.007012310208906497,12.282497222222222,1984,3,25,2
1984-03-27 01:21:20.810000+00:00,42.981,45.653,33.0,4.7,1.2,13.0,0.46547027315125267,1.9419292824074075,1984,3,27,1
1984-04-26 22:36:01.950000+00:00,43.132,45.992,33.0,4.6,1.0,8.0,0.7158702620586999,30.88519837962963,1984,4,26,22
1984-06-29 19:55:17.150000+00:00,38.388,45.167,33.0,4.6,1.1,21.0,0.07436390451319458,63.888370370370374,1984,6,29,19
1984-07-04 21:25:54.490000+00:00,42.781,41.139,33.0,4.7,1.0,15.0,0.3119866114809812,5.062932175925926,1984,7,4,21
1984-08-24 11:31:41.680000+00:00,38.46,45.943,10.0,4.9,1.2,5.0,0.14560388994412957,50.58735173611112,1984,8,24,11
1984-09-02 01:15:57.220000+00:00,42.506,48.853,33.0,4.6,0.9,3.0,1.348528708608266,8.572402083333333,1984,9,2,1
1984-09-18 13:26:01.880000+00:00,40.885,42.219,10.0,5.5,1.2,23.0,0.0035302826087053505,16.50699837962963,1984,9,18,13
1984-09-30 15:33:19.460000+00:00,37.87,48.966,33.0,4.5,1.5,8.0,0.07677391101839555,12.088397916666667,1984,9,30,15
1984-10-17 14:16:06.310000+00:00,40.869,42.702,33.0,4.7,0.8,6.0,0.003681825195827626,16.946375578703705,1984,10,17,14
1984-10-17 20:45:04.640000+00:00,40.848,42.442,33.0,4.5,0.9,12.0,0.03694152094678877,0.2701195601851852,1984,10,17,20
1984-10-18 09:46:24.610000+00:00,40.545,42.403,60.2,5.4,1.1,23.0,0.08178437575828554,0.5425922453703704,1984,10,18,9
1984-10-19 12:59:58.370000+00:00,40.589,42.222,10.0,4.6,1.2,7.0,0.0826647847129594,1.1344185185185185,1984,10,19,12
1984-10-21 18:04:26.920000+00:00,40.723,42.452,32.1,4.7,1.2,43.0,0.023338488584001123,2.211441550925926,1984,10,21,18
1984-10-26 15:08:04.270000+00:00,40.401,41.57,64.1,4.6,0.9,22.0,0.0439783813424823,4.877515625,1984,10,26,15
1984-12-03 07:38:10.340000+00:00,37.971,43.147,35.6,5.7,1.1,2.0,0.3071524038286697,37.68757025462963,1984,12,3,7
1985-02-05 22:19:07.990000+00:00,39.73,49.096,33.0,4.5,1.2,8.0,0.07673243702493708,64.61177835648148,1985,2,5,22
1985-02-16 21:33:29.100000+00:00,39.842,41.816,10.0,4.9,1.4,22.0,0.010847925622496151,10.96829988425926,1985,2,16,21
1985-02-27 16:34:19.460000+00:00,37.956,43.073,42.9,4.6,1.2,14.0,0.315121944184095,10.792249537037037,1985,2,27,16
1985-04-03 01:44:26.830000+00:00,38.099,48.422,26.3,4.7,1.2,13.0,0.039075906483022095,34.382029745370374,1985,4,3,1
1985-04-18 16:34:41.130000+00:00,39.783,44.799,33.0,4.5,1.3,3.0,0.05948493752237818,15.618221064814815,1985,4,18,16
1985-05-09 18:50:22.980000+00:00,39.299,48.771,33.0,4.5,1.1,2.0,0.25514251740857696,21.094234375000003,1985,5,9,18
1985-07-04 05:08:31.580000+00:00,42.132,45.86,33.0,5.4,1.3,23.0,0.0022196078216852916,55.4292662037037,1985,7,4,5
1985-08-12 02:54:42.650000+00:00,39.922,39.811,20.4,4.9,0.9,37.0,0.026692551776727382,38.907072569444445,1985,8,12,2
1985-09-02 02:13:34.260000+00:00,43.245,46.873,33.0,4.7,0.2,3.0,1.2966688534116915,20.971430671296297,1985,9,2,2
1985-09-20 06:29:40.290000+00:00,40.776,42.588,10.0,4.5,1.1,6.0,0.0068539991271068705,18.177847569444445,1985,9,20,6
1985-10-16 21:22:39.740000+00:00,40.65,50.761,33.0,4.8,1.0,34.0,0.1782484797594199,26.62013252314815,1985,10,16,21
1985-10-22 01:26:07.980000+00:00,42.64,46.48,33.0,4.7,1.4,9.0,0.5926398896490904,5.169076851851852,1985,10,22,1
1985-11-02 09:34:14.190000+00:00,37.521,49.068,33.0,4.5,1.3,4.0,0.05239117192458987,11.338960763888888,1985,11,2,9
1985-11-07 08:26:21.440000+00:00,40.31,42.307,33.0,5.2,1.2,23.0,0.03119636770972038,4.952861689814815,1985,11,7,8
1986-01-01 06:09:06.720000+00:00,39.119,41.715,45.2,4.8,1.0,23.0,0.08950489735945374,54.90469074074074,1986,1,1,6
1986-01-06 00:09:10.900000+00:00,40.537,49.299,33.0,4.9,1.2,8.0,0.0993020670248695,4.75004837962963,1986,1,6,0
1986-01-27 16:35:52.870000+00:00,38.885,48.62,71.2,5.3,0.9,55.0,0.025673093398283567,21.68520798611111,1986,1,27,16
1986-02-07 22:53:16.470000+00:00,40.983,49.526,33.0,4.7,1.1,9.0,0.18917135976422225,11.262078703703704,1986,2,7,22
1986-04-11 04:10:31.250000+00:00,40.127,43.397,10.0,5.0,0.9,18.0,0.019719839778724126,62.220309953703705,1986,4,11,4
1986-04-29 22:07:55.290000+00:00,38.056,49.036,33.0,4.7,1.2,19.0,0.10709486781273019,18.74819490740741,1986,4,29,22
1986-05-13 08:44:02.140000+00:00,41.431,43.737,10.0,5.8,1.1,23.0,0.07283015446915342,13.441745949074075,1986,5,13,8
1986-06-02 15:16:17.970000+00:00,40.996,47.861,33.0,4.6,1.3,14.0,0.1056231591615791,20.272405439814815,1986,6,2,15
1986-07-10 18:57:17.240000+00:00,38.376,45.114,33.0,4.7,1.5,15.0,0.07103469456506684,38.15346377314815,1986,7,10,18
1986-07-12 17:00:53.130000+00:00,38.438,45.164,35.7,4.8,1.0,25.0,0.04843743581555638,1.9191653935185187,1986,7,12,17
1986-07-17 00:12:01.420000+00:00,38.444,45.397,33.0,4.5,1.4,4.0,0.004429334242825983,4.299401504629629,1986,7,17,0
1986-08-10 17:47:55.770000+00:00,38.537,43.436,43.1,4.7,1.0,35.0,0.06100760223622356,24.733267939814816,1986,8,10,17
1986-08-24 01:55:22.460000+00:00,40.812,49.66,33.0,4.5,1.2,4.0,0.03632236208961726,13.33850335648148,1986,8,24,1
1986-09-03 09:28:18.200000+00:00,41.59,43.468,10.0,4.7,1.3,33.0,0.014131673899587192,10.314534027777778,1986,9,3,9
1986-11-01 03:18:10.180000+00:00,41.109,40.162,33.0,4.7,1.0,35.0,0.22433316245079252,58.742962731481484,1986,11,1,3
1986-11-05 01:15:39.840000+00:00,38.694,48.617,86.2,4.5,1.3,5.0,0.12504677637761744,3.91492662037037,1986,11,5,1
1987-02-22 06:51:41.820000+00:00,38.418,40.551,10.0,4.9,1.1,6.0,0.09678301146762708,109.23335625,1987,2,22,6
1987-05-05 10:40:44.650000+00:00,42.527,46.909,33.0,4.6,1.1,9.0,0.6934870490286933,72.15906053240741,1987,5,5,10
1987-05-14 22:24:05.080000+00:00,39.915,40.049,48.7,4.7,1.3,32.0,0.05707464954807336,9.488430902777779,1987,5,14,22
1987-11-05 07:19:17.080000+00:00,40.182,49.817,33.0,4.5,0.6,8.0,0.3513510387647092,174.37166666666667,1987,11,5,7
1987-12-07 00:07:32.510000+00:00,37.956,42.879,33.0,4.7,1.0,32.0,0.23174155837692972,31.700178587962967,1987,12,7,0
1988-01-07 10:59:38.780000+00:00,38.346,45.476,33.0,4.7,1.4,9.0,0.04358409386897072,31.452850347222224,1988,1,7,10
1988-01-27 03:46:59.530000+00:00,39.829,45.15,33.0,4.6,1.2,15.0,0.05432883652617455,19.699545717592592,1988,1,27,3
1988-03-30 21:42:04.110000+00:00,39.276,40.46,10.0,4.5,0.9,7.0,0.11195462598217691,63.74658078703704,1988,3,30,21
1988-04-20 03:50:08.390000+00:00,39.109,44.123,55.2,5.5,1.1,23.0,0.06432870099016269,20.255605092592592,1988,4,20,3
1988-04-21 10:01:48.070000+00:00,39.045,44.05,47.3,4.7,1.1,9.0,0.019266683429414597,1.2580981481481481,1988,4,21,10
1988-05-03 08:41:22.750000+00:00,42.501,47.639,33.0,4.6,1.3,18.0,1.0333083723153942,11.944151388888889,1988,5,3,8
1988-05-03 09:15:21.740000+00:00,42.469,47.663,22.4,5.3,1.2,23.0,1.0210674801617985,0.023599421296296295,1988,5,3,9
1988-06-25 16:15:38.340000+00:00,38.458,43.038,50.9,5.5,1.1,23.0,0.08947992823156783,53.29185879629629,1988,6,25,16
1988-09-06 19:16:37.450000+00:00,42.007,41.725,10.0,5.0,1.2,43.0,0.08704545649831212,73.12568414351853,1988,9,6,19
1988-10-16 23:35:24.510000+00:00,37.964,44.815,33.0,4.5,1.3,5.0,0.11300874927190856,40.17971134259259,1988,10,16,23
1988-10-18 12:35:43.930000+00:00,40.883,41.673,10.0,4.8,1.3,8.0,0.03052871992407626,1.5418914351851853,1988,10,18,12
1988-10-25 17:38:55.580000+00:00,42.058,47.854,33.0,4.6,1.0,9.0,0.7107085546312213,7.21055150462963,1988,10,25,17
1988-12-07 07:41:24.200000+00:00,40.987,44.185,5.4,6.8,1.3,24.0,0.07093491938277198,42.58505347222222,1988,12,7,7
1988-12-07 07:45:44.870000+00:00,40.974,44.246,10.0,5.9,1.3,24.0,0.07071388765672297,0.003017013888888889,1988,12,7,7
1988-12-07 08:06:28.110000+00:00,40.903,44.396,10.0,4.8,0.9,8.0,0.01807426809492517,0.014389351851851853,1988,12,7,8
1988-12-07 08:57:06.110000+00:00,40.936,43.209,10.0,4.6,1.3,6.0,0.12344072736884598,0.03516203703703704,1988,12,7,8
1988-12-07 09:28:51.380000+00:00,40.69,45.37,10.0,4.6,0.5,4.0,0.20143288687302047,0.022051736111111112,1988,12,7,9
1988-12-07 09:34:34.050000+00:00,40.956,44.078,10.0,5.0,1.4,36.0,0.016828147338778757,0.003966087962962963,1988,12,7,9
1988-12-07 18:05:42.820000+00:00,40.952,44.16,10.0,4.6,1.4,8.0,0.032146791615460635,0.35496261574074073,1988,12,7,18
1988-12-07 20:07:30.340000+00:00,41.208,44.471,10.0,4.6,1.2,4.0,0.03320956532617852,0.08457777777777778,1988,12,7,20
1988-12-08 01:15:54.030000+00:00,40.755,44.817,10.0,4.9,1.5,5.0,0.046625273205979895,0.21416307870370369,1988,12,8,1
1988-12-08 04:09:36.020000+00:00,40.884,44.41,10.0,4.7,1.3,6.0,0.005281387146025495,0.12062488425925925,1988,12,8,4
1988-12-08 05:36:29.820000+00:00,40.944,44.1,10.0,5.0,1.0,6.0,0.009984414609106027,0.06034490740740741,1988,12,8,5
1988-12-08 07:46:01.410000+00:00,40.874,44.336,10.0,4.6,1.5,18.0,0.005464477057051157,0.08994895833333333,1988,12,8,7
1988-12-08 20:32:06.410000+00:00,41.147,44.206,10.0,4.8,1.3,19.0,0.15873012382762627,0.5320023148148149,1988,12,8,20
1988-12-10 19:13:59.020000+00:00,40.761,44.077,10.0,4.5,1.0,4.0,0.14023751565555292,1.9457478009259257,1988,12,10,19
1988-12-31 04:07:10.440000+00:00,40.908,43.934,10.0,4.7,1.5,18.0,0.05817446165629526,20.370271064814816,1988,12,31,4
1989-01-04 07:29:41.150000+00:00,40.89,44.274,10.0,5.0,1.2,19.0,0.0032415041945313464,4.140633217592593,1989,1,4,7
1989-02-15 10:10:08.460000+00:00,37.29,50.304,53.1,4.6,1.2,6.0,0.23540945242560124,42.11142719907407,1989,2,15,10
1989-03-30 16:36:24.580000+00:00,41.081,43.915,10.0,4.6,1.2,18.0,0.10812905966945374,43.268242129629634,1989,3,30,16
1989-04-13 07:49:20.380000+00:00,41.764,45.855,33.0,4.8,1.2,29.0,0.05450743639178432,13.633979166666668,1989,4,13,7
1989-05-20 20:44:02.260000+00:00,39.553,40.172,38.2,5.4,1.2,23.0,0.025778942159258102,37.53798472222222,1989,5,20,20
1989-08-03 07:42:40.840000+00:00,43.522,45.362,18.2,5.2,1.2,23.0,0.9065170102877257,74.45739097222223,1989,8,3,7
1989-08-15 14:35:31.260000+00:00,41.132,48.672,33.0,4.7,1.2,4.0,0.03598827104567577,12.286694675925926,1989,8,15,14
1989-08-24 18:55:21.160000+00:00,41.687,49.273,33.0,5.2,1.1,11.0,0.6725996634836724,9.180438657407407,1989,8,24,18
1989-09-08 20:12:15.960000+00:00,43.395,46.604,33.0,4.7,1.5,8.0,1.2579832962185995,15.053412037037038,1989,9,8,20
1989-12-02 04:51:56.590000+00:00,38.64,45.373,10.0,4.6,0.9,6.0,0.1749203897485527,84.3608869212963,1989,12,2,4
1989-12-03 07:39:06.630000+00:00,38.315,45.216,10.0,4.7,1.1,32.0,0.005560102805076807,1.1160884259259258,1989,12,3,7
1990-01-03 08:25:06.430000+00:00,42.243,48.303,10.3,4.9,1.4,42.0,0.9478229953361446,31.031942129629627,1990,1,3,8
1990-01-07 06:50:23.120000+00:00,41.321,49.452,33.0,4.6,0.8,5.0,0.4257222735305214,3.9342209490740743,1990,1,7,6
1990-04-20 23:30:03.480000+00:00,40.002,40.069,14.0,5.4,1.4,23.0,0.024494203496854473,103.69421712962962,1990,4,20,23
1990-05-27 18:27:57.360000+00:00,40.869,44.236,10.0,4.9,1.3,55.0,0.016141363301309962,36.79020694444444,1990,5,27,18
1990-06-20 21:30:12.120000+00:00,37.495,48.792,10.0,4.7,1.1,13.0,0.20297566467189476,24.126559722222222,1990,6,20,21
1990-06-20 21:41:32.480000+00:00,37.705,48.961,10.0,4.5,1.0,7.0,0.02887480461023224,0.007874537037037038,1990,6,20,21
1990-06-21 00:22:33.470000+00:00,37.326,49.415,10.0,4.6,0.8,11.0,0.22275150342029157,0.11181701388888889,1990,6,21,0
1990-06-21 00:35:51.870000+00:00,37.462,48.961,10.0,4.5,0.6,13.0,0.06979077919607447,0.00924074074074074,1990,6,21,0
1990-06-21 04:40:26.220000+00:00,37.508,49.63,10.0,4.5,0.9,11.0,0.4678816670164415,0.1698420138888889,1990,6,21,4
1990-06-21 23:13:07.880000+00:00,37.286,49.642,10.0,4.5,0.8,1.0,0.25167732987686414,0.7727043981481482,1990,6,21,23
1990-06-22 06:07:50.100000+00:00,37.257,48.854,10.0,4.6,1.5,1.0,0.2089275098902514,0.2879886574074074,1990,6,22,6
1990-06-24 19:05:21.440000+00:00,37.222,49.647,10.0,4.8,1.0,4.0,0.1888760969258931,2.539946064814815,1990,6,24,19
1990-07-01 17:19:44.170000+00:00,37.28,48.818,10.0,4.6,1.4,25.0,0.2109035841659048,6.926651967592592,1990,7,1,17
1990-07-01 21:16:48.390000+00:00,37.285,48.82,10.0,4.7,1.0,28.0,0.2162347408825023,0.1646321759259259,1990,7,1,21
1990-07-23 20:54:56.680000+00:00,42.719,45.947,33.0,4.8,0.9,11.0,0.3215500016560464,21.984818171296297,1990,7,23,20
1990-07-27 05:31:00.140000+00:00,37.318,49.585,10.0,4.8,1.1,7.0,0.298491397349437,3.35837337962963,1990,7,27,5
1990-08-21 03:47:26.280000+00:00,37.309,49.685,10.0,4.8,1.3,18.0,0.26157726723217883,24.928080324074074,1990,8,21,3
1990-09-17 07:03:32.050000+00:00,37.384,48.929,60.7,4.5,1.1,18.0,0.13493065696626794,27.136177893518518,1990,9,17,7
1990-09-24 06:35:13.930000+00:00,38.253,47.951,10.0,4.6,1.4,7.0,0.22125535018238912,6.980345833333334,1990,9,24,6
1990-12-16 15:45:40.700000+00:00,41.361,43.715,33.0,5.5,1.2,23.0,0.04344320251733219,83.3822542824074,1990,12,16,15
1991-01-01 19:18:56.480000+00:00,39.822,48.439,60.7,4.9,1.2,43.0,0.3315970636356143,16.148099305555554,1991,1,1,19
1991-02-02 06:54:40.460000+00:00,37.275,42.566,10.0,4.7,1.0,8.0,0.5174123885596195,31.483147916666667,1991,2,2,6
1991-04-24 10:54:35.740000+00:00,39.597,41.118,33.0,4.5,0.8,19.0,0.1719568550538204,81.16661203703704,1991,4,24,10
1991-04-29 09:12:48.100000+00:00,42.453,43.673,17.2,7.0,1.2,23.0,0.014765679008921496,4.929309722222222,1991,4,29,9
1991-04-29 09:37:37.260000+00:00,42.568,43.881,10.0,4.9,1.0,26.0,0.11518301714205167,0.01723564814814815,1991,4,29,9
1991-04-29 09:59:24.080000+00:00,42.617,43.4,10.0,4.6,1.1,26.0,0.028695823637049544,0.01512523148148148,1991,4,29,9
1991-04-29 10:01:12.430000+00:00,42.356,43.864,10.0,4.8,1.1,27.0,0.016472342982854972,0.0012540509259259258,1991,4,29,10
1991-04-29 10:15:34.710000+00:00,42.783,43.864,10.0,4.5,1.4,10.0,0.07367961404735145,0.009980092592592592,1991,4,29,10
1991-04-29 10:19:41.340000+00:00,42.216,43.589,10.0,4.5,1.1,13.0,0.1313291068197529,0.0028545138888888886,1991,4,29,10
1991-04-29 10:52:42.260000+00:00,42.712,44.102,10.0,4.6,1.2,19.0,0.006567775028683851,0.022927314814814817,1991,4,29,10
1991-04-29 11:10:11.950000+00:00,42.584,43.904,10.0,4.7,1.0,17.0,0.1014823572006932,0.012149189814814816,1991,4,29,11
1991-04-29 11:51:10.320000+00:00,42.572,43.816,10.0,4.9,1.1,1.0,0.09887914783798911,0.02845335648148148,1991,4,29,11
1991-04-29 11:59:54.830000+00:00,42.625,43.962,10.0,4.5,1.2,23.0,0.051050620878832755,0.006070717592592593,1991,4,29,11
1991-04-29 13:49:58.380000+00:00,42.542,43.337,10.0,4.6,1.1,18.0,0.023081728239416618,0.07642997685185185,1991,4,29,13
1991-04-29 14:43:06.360000+00:00,42.515,43.937,10.0,5.4,1.1,79.0,0.07792895016731653,0.03689791666666667,1991,4,29,14
1991-04-29 16:49:57.850000+00:00,42.854,44.062,10.0,4.5,1.2,7.0,0.149502272220838,0.08809594907407407,1991,4,29,16
1991-04-29 17:10:27.240000+00:00,42.224,43.409,10.0,4.6,0.3,8.0,0.12708592828374718,0.014229050925925926,1991,4,29,17
1991-04-29 18:23:15.290000+00:00,42.583,43.764,10.0,5.5,1.3,85.0,0.08911796734712996,0.05055613425925926,1991,4,29,18
1991-04-29 18:30:41.520000+00:00,42.503,43.899,14.3,6.1,1.0,23.0,0.0589396290061019,0.005164699074074074,1991,4,29,18
1991-04-29 19:07:03.750000+00:00,42.494,43.69,10.0,4.5,1.3,22.0,0.02425310582535262,0.025257291666666667,1991,4,29,19
1991-04-29 19:44:54.770000+00:00,42.585,43.966,10.0,4.5,1.3,18.0,0.08975203117739403,0.026284953703703703,1991,4,29,19
1991-04-29 20:24:43.160000+00:00,42.557,43.809,10.0,4.7,1.2,33.0,0.08244947686620205,0.027643402777777777,1991,4,29,20
1991-04-29 20:32:54.210000+00:00,42.541,43.333,10.0,5.4,1.1,81.0,0.021950307050809092,0.005683449074074074,1991,4,29,20
1991-04-29 21:24:09.370000+00:00,42.205,43.676,10.0,4.5,1.4,15.0,0.10890588507973034,0.035592129629629626,1991,4,29,21
1991-04-29 22:28:23.040000+00:00,42.709,43.858,10.0,4.7,1.1,22.0,0.0004354057432206767,0.044602662037037034,1991,4,29,22
1991-04-29 23:32:29.050000+00:00,42.571,43.891,10.0,4.6,1.3,4.0,0.1165387037595104,0.04451400462962963,1991,4,29,23
1991-04-30 11:15:29.480000+00:00,42.599,43.49,10.0,4.8,1.0,34.0,0.0296657347962301,0.4881994212962963,1991,4,30,11
1991-04-30 16:07:38.980000+00:00,42.491,43.23,10.0,4.6,0.9,15.0,0.03484692630635064,0.20288773148148148,1991,4,30,16
1991-05-01 03:06:50.260000+00:00,42.405,43.784,10.0,4.5,1.3,7.0,0.017448959212055377,0.45776944444444445,1991,5,1,3
1991-05-01 05:13:35.350000+00:00,42.505,43.434,10.0,4.8,1.3,18.0,0.0106979656411774,0.088021875,1991,5,1,5
1991-05-02 01:25:30.140000+00:00,42.541,43.96,10.0,5.1,1.3,46.0,0.10683082425030635,0.8416063657407407,1991,5,2,1
1991-05-02 09:44:41.410000+00:00,42.483,43.507,10.0,4.5,1.1,17.0,0.006541473768855027,0.3466582175925926,1991,5,2,9
1991-05-03 06:08:37.170000+00:00,42.482,43.363,10.0,4.6,0.9,10.0,0.03602783382784564,0.8499509259259259,1991,5,3,6
1991-05-03 20:19:38.860000+00:00,42.683,43.247,10.0,5.6,1.2,23.0,0.02266219468975475,0.5909917824074075,1991,5,3,20
1991-05-03 23:41:01.870000+00:00,42.647,43.263,10.8,5.2,1.1,64.0,0.04738234603911482,0.13984965277777778,1991,5,3,23
1991-05-10 01:25:15.610000+00:00,42.496,43.153,10.0,4.6,1.0,21.0,0.054674367164694856,6.07238125,1991,5,10,1
1991-05-10 20:52:27.340000+00:00,42.534,43.986,10.0,4.7,1.1,31.0,0.10813790572756686,0.8105524305555555,1991,5,10,20
1991-05-15 14:28:50.120000+00:00,42.565,43.349,14.0,4.9,1.2,50.0,0.046465104524979976,4.733596990740741,1991,5,15,14
1991-05-21 17:37:38.850000+00:00,42.867,48.028,10.0,5.0,1.2,13.0,1.511750690962631,6.131119560185185,1991,5,21,17
1991-06-03 10:22:40.440000+00:00,40.048,42.859,27.8,5.2,1.3,23.0,0.03005729402679752,12.697935069444446,1991,6,3,10
1991-06-15 00:59:20.310000+00:00,42.461,44.009,9.4,6.3,1.2,23.0,0.05365915251846826,11.608794791666666,1991,6,15,0
1991-06-16 11:07:10.690000+00:00,39.984,42.875,25.6,4.6,1.3,19.0,0.09523272473721658,1.4221108796296298,1991,6,16,11
1991-06-17 03:04:45.510000+00:00,42.252,44.222,10.0,4.5,1.6,1.0,0.048592635062864334,0.6649863425925926,1991,6,17,3
1991-06-19 06:40:28.950000+00:00,40.282,42.971,33.0,4.6,1.2,9.0,0.06950712193724716,2.1498083333333335,1991,6,19,6
1991-06-30 20:09:18.370000+00:00,42.424,43.688,10.0,4.5,1.0,15.0,0.009823597833805894,11.561683101851852,1991,6,30,20
1991-07-04 06:26:31.860000+00:00,42.387,44.116,20.4,5.4,1.3,23.0,0.07183005200103905,3.4286283564814815,1991,7,4,6
1991-10-06 01:46:47.580000+00:00,41.096,43.409,18.3,5.1,1.1,23.0,0.0580615790561222,93.80573749999999,1991,10,6,1
1991-10-18 16:23:44.350000+00:00,41.642,47.638,33.0,4.5,1.2,10.0,0.31669871903742597,12.60899039351852,1991,10,18,16
1991-10-21 11:58:19.310000+00:00,41.982,46.746,33.0,4.5,1.3,10.0,0.1289134927899785,2.815682407407407,1991,10,21,11
1992-01-06 01:18:10.950000+00:00,40.342,49.786,33.0,4.5,0.8,16.0,0.19473147197877072,76.55545879629629,1992,1,6,1
1992-02-15 12:52:51.770000+00:00,42.803,46.524,15.2,4.9,1.6,44.0,0.7614308465460272,40.482416898148145,1992,2,15,12
1992-02-18 01:39:40.920000+00:00,41.477,43.464,33.0,4.5,1.5,2.0,0.009046143219200246,2.5325133101851853,1992,2,18,1
1992-03-13 17:18:39.980000+00:00,39.71,39.605,27.2,6.7,1.1,23.0,0.025932519767700012,24.652072453703703,1992,3,13,17
1992-03-13 18:37:53.800000+00:00,39.843,39.52,10.0,4.7,1.0,38.0,0.052877936213046886,0.055021064814814814,1992,3,13,18
1992-03-13 20:15:18.170000+00:00,39.433,39.914,10.0,4.5,1.2,2.0,0.09138066270295885,0.0676431712962963,1992,3,13,20
1992-03-13 22:47:42.880000+00:00,40.021,39.744,10.0,4.7,1.2,26.0,0.07869689072548096,0.10584155092592591,1992,3,13,22
1992-03-14 01:24:33.710000+00:00,39.527,39.701,22.0,4.7,1.2,26.0,0.006525543897925124,0.10892164351851852,1992,3,14,1
1992-03-15 16:16:24.240000+00:00,39.532,39.929,20.9,5.9,1.2,23.0,0.003970800657645644,1.6193348379629628,1992,3,15,16
1992-03-21 23:15:50.290000+00:00,39.602,39.87,15.0,4.7,1.3,44.0,0.002129291728292558,6.291273726851853,1992,3,21,23
1992-03-27 19:21:04.880000+00:00,42.466,43.725,33.0,4.8,1.2,39.0,0.0324542104692911,5.836974421296296,1992,3,27,19
1992-04-20 18:04:59.040000+00:00,39.537,39.859,14.3,4.6,1.2,34.0,0.015734572519974236,23.94715462962963,1992,4,20,18
1992-04-22 03:03:52.030000+00:00,39.532,39.718,29.3,4.5,1.1,35.0,0.007677832090874761,1.3742244212962964,1992,4,22,3
1992-05-07 19:15:03.330000+00:00,38.698,40.143,18.3,5.2,1.3,23.0,0.03207606182189908,15.674436342592593,1992,5,7,19
1992-07-14 04:26:26.630000+00:00,39.255,41.754,18.1,4.5,1.3,33.0,0.010863451891847968,67.38290856481481,1992,7,14,4
1992-07-14 18:46:22.730000+00:00,39.178,41.722,10.0,4.5,1.4,19.0,0.04106128116248168,0.5971770833333333,1992,7,14,18
1992-08-21 19:11:07.870000+00:00,42.444,43.26,33.0,4.5,1.1,39.0,0.07766254746955226,38.017189120370375,1992,8,21,19
1992-10-23 23:19:45.200000+00:00,42.589,45.104,16.4,6.4,1.0,23.0,0.003240357683032085,63.17265428240741,1992,10,23,23
1992-10-24 00:14:40.260000+00:00,42.485,44.931,33.0,4.6,1.3,11.0,0.006634555954636394,0.038137268518518515,1992,10,24,0
1992-11-05 15:42:26.930000+00:00,42.284,44.794,40.4,4.5,1.0,17.0,0.013100595946631632,12.644290162037036,1992,11,5,15
1992-12-09 20:29:47.190000+00:00,40.058,45.312,15.8,4.8,1.2,51.0,0.08901677708226988,34.19954004629629,1992,12,9,20
1993-02-22 04:24:20.690000+00:00,42.558,43.862,10.0,5.0,1.0,53.0,0.09979590545123157,74.32955439814815,1993,2,22,4
1993-03-15 15:32:38.320000+00:00,38.102,45.807,10.6,4.8,1.3,52.0,0.1507471247362939,21.464092939814815,1993,3,15,15
1993-03-19 20:05:20.530000+00:00,41.931,46.693,67.0,4.5,1.5,23.0,0.060919493236092394,4.189377430555556,1993,3,19,20
1993-03-30 22:25:22.100000+00:00,38.379,45.047,45.1,4.5,1.2,20.0,0.08869774013361352,11.097240393518518,1993,3,30,22
1993-04-08 09:48:03.860000+00:00,37.902,47.985,10.0,4.7,1.3,7.0,0.02235388770391132,8.474094444444445,1993,4,8,9
1993-04-27 20:07:04.210000+00:00,42.753,43.828,16.4,4.6,1.3,30.0,0.03896238156109233,19.42986516203704,1993,4,27,20
1993-05-04 22:39:25.270000+00:00,42.595,45.178,17.5,4.8,1.1,55.0,0.02948182899686026,7.105799305555556,1993,5,4,22
1993-07-22 01:54:56.840000+00:00,39.533,40.116,10.6,4.6,1.4,29.0,0.005778589619420349,78.13578206018519,1993,7,22,1
1993-08-31 06:55:32.410000+00:00,41.878,49.466,84.6,5.3,1.0,23.0,0.9295883214107838,40.20874502314815,1993,8,31,6
1993-10-15 22:37:19.670000+00:00,40.744,48.105,56.1,4.8,1.1,17.0,0.03832409231390797,45.65401921296296,1993,10,15,22
1993-10-25 14:33:19.970000+00:00,41.336,49.478,33.0,4.7,1.2,29.0,0.4520674133135432,9.663892361111111,1993,10,25,14
1994-02-11 17:40:07.830000+00:00,42.478,43.726,16.0,4.5,1.1,23.0,0.021399087393950373,109.12972060185184,1994,2,11,17
1994-04-10 13:40:47.080000+00:00,43.049,46.18,85.6,4.7,1.3,47.0,0.725053596339611,57.83378761574074,1994,4,10,13
1994-04-17 08:02:32.030000+00:00,41.948,46.317,33.0,5.0,1.3,69.0,0.007943328618875216,6.765103587962963,1994,4,17,8
1994-05-02 18:14:05.320000+00:00,40.306,43.13,59.4,4.5,1.0,15.0,0.0870504823677025,15.424690856481481,1994,5,2,18
1994-05-18 17:18:52.910000+00:00,41.133,43.982,10.0,4.5,1.1,4.0,0.05354115748655337,15.961661921296297,1994,5,18,17
1994-06-30 09:55:09.650000+00:00,40.941,50.609,33.0,4.9,1.1,30.0,0.40044314455847163,42.69186041666667,1994,6,30,9
1994-09-05 19:13:17.670000+00:00,41.905,46.231,61.6,4.7,1.0,51.0,0.0195988999391765,67.38759282407406,1994,9,5,19
1994-09-17 02:24:37.890000+00:00,37.885,41.584,8.8,5.1,1.0,84.0,0.31374354385214964,11.299539583333333,1994,9,17,2
1994-11-02 12:31:01.030000+00:00,38.152,48.315,10.0,5.0,1.4,27.0,0.1318979251621918,46.421101157407406,1994,11,2,12
1994-12-03 01:35:51.620000+00:00,37.643,49.349,33.0,4.8,1.2,10.0,0.3576509424956144,30.54502997685185,1994,12,3,1
1994-12-19 14:59:58.540000+00:00,40.934,47.816,33.0,4.6,1.5,10.0,0.05146200480809372,16.558413425925924,1994,12,19,14
1994-12-30 06:56:16.800000+00:00,38.179,39.67,10.0,4.7,1.5,23.0,0.13011809868796423,10.664100231481482,1994,12,30,6
1995-01-04 00:57:51.660000+00:00,41.285,48.874,33.0,4.5,1.2,6.0,0.15816157452888055,4.751097916666667,1995,1,4,0
1995-01-29 04:16:56.970000+00:00,39.83,40.657,31.1,5.2,1.2,23.0,0.05673083619709834,25.13825590277778,1995,1,29,4
1995-02-14 11:13:20.870000+00:00,37.772,42.724,18.1,4.7,1.5,37.0,0.00197912404494489,16.28916550925926,1995,2,14,11
1995-05-13 07:20:43.290000+00:00,40.678,50.592,53.2,4.8,1.1,46.0,0.14683616303648256,87.83845393518519,1995,5,13,7
1995-05-15 00:16:52.540000+00:00,38.468,49.435,26.3,4.8,1.0,60.0,0.37433769835607694,1.7056626157407409,1995,5,15,0
1995-05-15 00:21:54.710000+00:00,38.545,49.294,33.0,4.5,1.2,5.0,0.21791481159235912,0.003497337962962963,1995,5,15,0
1995-05-27 21:21:31.980000+00:00,39.028,48.944,33.0,4.8,1.1,67.0,0.2418001320225594,12.874736921296297,1995,5,27,21
1995-08-17 18:09:58.790000+00:00,38.961,48.908,74.3,4.5,1.1,10.0,0.25862169589408185,81.86697696759259,1995,8,17,18
1995-12-05 18:49:30.460000+00:00,39.44,40.153,14.9,5.8,1.2,23.0,0.08866510229771361,110.02744988425925,1995,12,5,18
1995-12-05 18:52:37.770000+00:00,39.553,40.19,10.0,5.3,1.3,62.0,0.029643852184994532,0.002167939814814815,1995,12,5,18
1996-01-03 08:42:25.750000+00:00,38.994,48.72,56.4,5.4,1.1,23.0,0.1169891591333427,28.57624976851852,1996,1,3,8
1996-04-22 14:42:32.380000+00:00,39.165,47.369,29.1,5.0,1.1,49.0,0.1411485832378506,110.25007673611113,1996,4,22,14
1996-05-28 04:50:12.850000+00:00,42.008,42.186,33.0,4.5,1.0,19.0,0.03997718169411556,35.588662847222224,1996,5,28,4
1996-06-18 08:11:05.730000+00:00,39.159,45.796,51.2,4.7,1.3,65.0,0.2723636911178062,21.139500925925926,1996,6,18,8
1997-01-28 10:56:53.770000+00:00,42.393,48.489,33.0,4.6,1.3,7.0,1.1536848772895842,224.11513935185184,1997,1,28,10
1997-02-09 21:49:13.180000+00:00,41.413,43.894,33.0,4.5,1.16,16.0,0.00365373321237501,12.453002430555555,1997,2,9,21
1997-02-28 12:57:18.640000+00:00,38.075,48.05,10.0,6.1,1.14,23.0,0.026589693127554992,18.63061875,1997,2,28,12
1997-02-28 13:55:57.120000+00:00,37.831,47.873,10.0,4.5,0.91,5.0,0.04046679862259393,0.04072314814814815,1997,2,28,13
1997-03-02 18:29:42.570000+00:00,37.864,47.865,10.0,5.3,1.07,23.0,0.06410427966298592,2.190109375,1997,3,2,18
1997-03-05 16:58:38.930000+00:00,40.918,49.507,33.0,4.8,0.94,48.0,0.12230202073774515,2.9367634259259257,1997,3,5,16
1997-03-21 23:00:39.440000+00:00,37.961,47.911,10.0,4.5,1.29,26.0,0.0714304558943867,16.251394791666666,1997,3,21,23
1997-05-12 03:50:59.810000+00:00,37.93,48.067,10.0,4.6,1.1,29.0,0.0773828635608303,51.20162465277778,1997,5,12,3
1997-08-08 02:39:01.940000+00:00,39.746,41.869,10.0,4.5,1.42,23.0,0.06989409057768216,87.95002465277777,1997,8,8,2
1997-10-02 01:06:35.380000+00:00,39.026,44.241,33.0,4.5,1.17,5.0,0.052356816746983725,54.935803703703705,1997,10,2,1
1997-10-03 21:55:02.710000+00:00,40.659,48.874,33.0,4.5,0.68,1.0,0.13329803129787013,1.866982986111111,1997,10,3,21
1997-10-12 05:06:09.260000+00:00,38.472,43.359,44.5,4.7,1.19,2.0,0.12173504565654182,8.299381365740741,1997,10,12,5
1997-11-02 00:26:01.040000+00:00,38.605,43.367,39.0,4.5,1.21,38.0,0.004841696940740213,20.805460416666666,1997,11,2,0
1997-11-03 08:07:59.960000+00:00,38.806,42.408,33.0,4.8,0.93,32.0,0.22542871606341416,1.3208208333333333,1997,11,3,8
1997-11-03 08:46:48.170000+00:00,38.709,42.293,33.0,4.5,1.14,10.0,0.22680054481857564,0.026946875000000002,1997,11,3,8
1997-11-09 05:27:13.590000+00:00,42.037,48.673,69.3,4.5,1.11,19.0,0.8555527918448731,5.861405324074074,1997,11,9,5
1997-11-27 17:34:30.330000+00:00,41.849,45.332,37.5,5.3,1.36,23.0,0.002306607472623717,18.505054861111113,1997,11,27,17
1998-01-23 12:32:52.910000+00:00,39.393,44.011,33.0,4.9,1.24,7.0,0.05347123042419356,56.79053912037037,1998,1,23,12
1998-02-27 18:02:42.780000+00:00,39.688,49.134,50.5,4.6,0.95,29.0,0.10059858075475148,35.229049421296295,1998,2,27,18
1998-04-13 15:14:33.530000+00:00,39.238,41.055,33.0,5.3,0.99,23.0,0.02417163655374214,44.883226273148146,1998,4,13,15
1998-04-18 19:47:00.110000+00:00,40.973,49.848,33.0,4.5,0.94,19.0,0.2196240565024685,5.189196527777778,1998,4,18,19
1998-05-04 01:02:46.720000+00:00,40.63,49.557,33.0,4.5,1.01,5.0,0.044966989831641574,15.219289467592594,1998,5,4,1
1998-06-08 09:55:19.540000+00:00,42.322,43.546,33.0,4.5,1.18,8.0,0.02063117974941626,35.369824305555554,1998,6,8,9
1998-07-07 11:28:13.590000+00:00,41.852,46.019,33.0,4.6,1.07,5.0,0.04116511287215346,29.06451446759259,1998,7,7,11
1998-07-09 14:19:18.410000+00:00,38.717,48.507,26.0,6.0,0.98,23.0,0.21073082126273318,2.118805787037037,1998,7,9,14
1998-07-09 16:23:34.560000+00:00,38.887,48.637,33.0,4.5,1.2,6.0,0.01021440502035049,0.08629803240740741,1998,7,9,16
1998-08-07 01:36:12.690000+00:00,37.728,43.453,10.0,4.6,1.25,31.0,0.11819555443416585,28.383774652777777,1998,8,7,1
1998-10-08 20:48:07.400000+00:00,38.742,40.403,10.0,4.6,1.14,23.0,0.0318483767681765,62.79993877314815,1998,10,8,20
1998-11-10 05:39:31.140000+00:00,39.129,40.377,10.0,4.5,1.11,26.0,0.010999990681042035,32.36902476851852,1998,11,10,5
1998-11-18 11:37:19.720000+00:00,38.365,45.169,33.0,4.8,1.08,40.0,0.05134135659852328,8.248478935185185,1998,11,18,11
1998-11-23 11:11:37.880000+00:00,38.348,45.085,21.2,4.6,1.2,28.0,0.049218769562462364,4.98215462962963,1998,11,23,11
1998-12-19 16:15:19.430000+00:00,40.024,42.01,33.0,4.7,1.03,64.0,0.047452587833283676,26.21089756944444,1998,12,19,16
1998-12-20 03:21:14.720000+00:00,38.591,40.002,10.0,4.6,1.17,1.0,0.051979623506616016,0.46244548611111114,1998,12,20,3
1998-12-23 16:20:59.680000+00:00,40.692,42.542,10.0,4.5,0.99,16.0,0.04198158567639622,3.5414925925925926,1998,12,23,16
1999-01-14 22:45:18.640000+00:00,41.274,43.976,33.0,4.8,1.23,15.0,0.029245154798278866,22.26688611111111,1999,1,14,22
1999-01-31 05:07:13.630000+00:00,43.157,46.841,33.0,5.7,1.18,23.0,1.2033336775009633,16.265219791666667,1999,1,31,5
1999-01-31 08:16:04.120000+00:00,43.036,47.021,33.0,4.5,1.14,9.0,1.18627683005575,0.13113993055555556,1999,1,31,8
1999-02-01 14:25:56.430000+00:00,43.018,47.056,33.0,4.5,1.11,9.0,1.1894152069783848,1.2568554398148148,1999,2,1,14
1999-02-19 18:00:13.390000+00:00,38.631,44.524,66.0,4.5,1.35,18.0,0.16284273659998177,18.148807407407407,1999,2,19,18
1999-02-21 18:14:37.900000+00:00,43.214,46.825,65.0,5.3,1.18,23.0,1.2489798987205514,2.010005902777778,1999,2,21,18
1999-02-22 13:33:20.080000+00:00,43.243,47.106,33.0,4.5,1.39,10.0,1.407002436659415,0.8046548611111111,1999,2,22,13
1999-06-04 09:12:50.070000+00:00,40.802,47.448,33.0,5.4,1.19,23.0,0.07018150780458406,101.81909710648148,1999,6,4,9
1999-07-20 04:22:38.360000+00:00,39.914,41.342,10.0,4.5,1.39,22.0,0.0011926978096327412,45.7984755787037,1999,7,20,4
1999-08-19 04:33:15.390000+00:00,38.303,46.452,33.0,4.6,1.26,25.0,0.23357792256442902,30.007373032407404,1999,8,19,4
1999-08-22 11:12:55.040000+00:00,39.175,40.214,10.0,4.5,1.28,21.0,0.09480531069163592,3.2775422453703706,1999,8,22,11
1999-09-04 20:45:48.980000+00:00,40.297,50.847,33.1,4.6,1.01,34.0,0.051853305883849884,13.397846527777777,1999,9,4,20
1999-09-19 16:47:00.160000+00:00,43.154,46.879,43.5,4.8,1.33,42.0,1.2170531637558009,14.834157175925926,1999,9,19,16
1999-10-03 13:19:17.780000+00:00,38.91,48.673,70.9,4.5,1.19,14.0,0.03250439019038177,13.855759490740741,1999,10,3,13
1999-10-12 15:41:16.030000+00:00,39.136,48.314,65.9,4.7,0.92,36.0,0.027527417818508468,9.098590856481481,1999,10,12,15
1999-12-03 17:06:54.700000+00:00,40.358,42.346,19.3,5.7,1.27,23.0,0.019228574513726712,52.05947534722222,1999,12,3,17
1999-12-03 20:06:56.700000+00:00,40.305,42.306,34.6,4.6,1.0,18.0,0.03431160795394394,0.12502314814814816,1999,12,3,20
1999-12-05 22:14:37.700000+00:00,40.677,42.516,10.0,4.6,1.08,1.0,0.04220776710911075,2.0886689814814816,1999,12,5,22
2000-02-26 08:18:37.690000+00:00,37.304,44.76,33.0,5.2,0.92,1.0,0.10622870815838965,82.4194443287037,2000,2,26,8
2000-03-18 04:09:51.770000+00:00,40.472,42.315,10.0,4.6,1.17,18.0,0.06459350293589859,20.8272462962963,2000,3,18,4
2000-03-20 06:45:33.130000+00:00,40.424,42.395,10.0,4.6,1.23,17.0,0.004007702967517362,2.1081175925925923,2000,3,20,6
2000-03-21 14:07:40.820000+00:00,39.949,48.23,59.7,5.2,1.01,23.0,0.3198823069473344,1.307033449074074,2000,3,21,14
2000-04-22 08:46:33.030000+00:00,42.044,48.708,62.9,4.8,1.09,61.0,0.8684703461766478,31.776993171296297,2000,4,22,8
2000-09-24 06:34:40.270000+00:00,42.482,47.409,33.0,4.6,1.28,44.0,0.8870054844672054,154.90841712962964,2000,9,24,6
2000-09-27 03:43:58.280000+00:00,41.084,49.559,29.3,4.7,1.01,22.0,0.2935119769593364,2.8814584490740742,2000,9,27,3
2000-10-28 12:56:11.610000+00:00,40.211,50.609,33.0,4.5,0.65,10.0,0.11323933262426641,31.38348761574074,2000,10,28,12
2000-11-15 15:05:38.170000+00:00,38.397,42.922,65.3,5.6,1.08,23.0,0.004841183165336273,18.089890740740742,2000,11,15,15
2000-11-17 00:28:00.130000+00:00,38.239,42.941,33.0,4.6,1.29,1.0,0.07036803988305615,1.3905319444444446,2000,11,17,0
2000-11-25 18:09:11.420000+00:00,40.245,49.946,50.4,6.8,1.03,23.0,0.2771568555755328,8.736936226851853,2000,11,25,18
2000-11-25 18:10:47.390000+00:00,40.167,49.954,33.0,6.5,1.02,23.0,0.35413978493991993,0.0011107638888888888,2000,11,25,18
2000-11-25 18:49:11.680000+00:00,40.05,50.157,33.0,4.5,1.04,20.0,0.43851994396196436,0.026670023148148148,2000,11,25,18
2000-11-26 06:36:36.280000+00:00,40.048,50.188,49.1,4.7,1.11,12.0,0.4295914079404523,0.49125694444444445,2000,11,26,6
2000-11-26 08:47:56.100000+00:00,39.898,50.133,33.0,4.6,1.09,52.0,0.5129838556898992,0.09120162037037037,2000,11,26,8
2000-11-26 21:37:11.180000+00:00,40.123,50.186,54.4,4.5,1.05,13.0,0.3601813037447137,0.5342023148148148,2000,11,26,21
2000-11-28 20:37:24.300000+00:00,40.239,50.03,33.0,4.7,1.11,2.0,0.27568590176787644,1.9584851851851852,2000,11,28,20
2000-11-29 10:44:59.080000+00:00,39.856,50.209,33.0,5.0,1.56,4.0,0.546544381245246,0.5885969907407407,2000,11,29,10
2000-11-30 05:09:51.060000+00:00,40.12,50.116,33.0,4.6,1.03,45.0,0.3840554622795298,0.767268287037037,2000,11,30,5
2000-12-02 15:35:22.670000+00:00,42.428,47.347,33.0,4.6,1.22,42.0,0.8073430529540383,2.434393634259259,2000,12,2,15
2000-12-09 08:37:06.290000+00:00,42.478,44.327,33.0,4.6,1.41,1.0,0.07612307424076324,6.709532638888889,2000,12,9,8
2000-12-24 11:30:47.500000+00:00,38.615,40.259,10.0,4.6,1.13,37.0,0.10382458069294803,15.12061585648148,2000,12,24,11
2001-01-07 06:49:00.630000+00:00,40.171,50.143,33.0,5.2,0.87,23.0,0.3273026050792318,13.804318634259259,2001,1,7,6
2001-02-18 15:30:37.030000+00:00,42.75,46.821,82.8,4.6,1.2,52.0,0.8378198081202652,42.36222685185185,2001,2,18,15
2001-05-29 13:14:30.350000+00:00,39.797,41.655,33.0,4.8,1.09,71.0,0.07860257208825093,99.90547824074075,2001,5,29,13
2001-05-29 14:15:54.940000+00:00,39.845,41.959,33.0,4.7,1.01,77.0,0.052058691120035756,0.04264571759259259,2001,5,29,14
2001-06-05 15:33:29.770000+00:00,42.472,48.634,60.3,5.0,1.2,119.0,1.277355580860946,7.053875347222221,2001,6,5,15
2001-06-12 01:46:49.940000+00:00,39.018,47.261,33.0,4.5,1.08,23.0,0.25664318829802185,6.425927893518519,2001,6,12,1
2001-07-10 21:42:08.840000+00:00,39.832,41.623,33.0,5.4,1.06,23.0,0.04407702380475337,28.83007986111111,2001,7,10,21
2001-08-20 18:50:40.270000+00:00,40.169,42.122,10.0,4.5,1.16,27.0,0.02188738860622784,40.880919328703705,2001,8,20,18
2001-10-29 10:04:49.580000+00:00,38.922,48.642,53.5,4.6,1.01,39.0,0.012639190608342319,69.63482997685185,2001,10,29,10
2001-11-15 09:42:19.360000+00:00,43.153,47.142,20.6,4.8,1.22,29.0,1.3494685677777494,16.984372453703703,2001,11,15,9
2001-12-02 04:11:48.250000+00:00,38.435,43.253,33.0,4.7,1.12,41.0,0.09311448177608403,16.77047326388889,2001,12,2,4
2002-01-05 14:43:42.540000+00:00,37.521,49.016,21.3,4.5,0.98,16.0,0.006599773852983533,34.43882280092593,2002,1,5,14
2002-02-11 16:18:33.720000+00:00,40.102,50.211,54.2,5.0,0.85,23.0,0.3708978489995244,37.06587013888889,2002,2,11,16
2002-02-11 21:19:55.730000+00:00,40.114,50.214,56.6,4.7,0.93,66.0,0.3586906026017697,0.20928252314814813,2002,2,11,21
2002-02-28 00:46:30.900000+00:00,37.281,44.138,37.4,4.7,1.15,42.0,0.10773090787317888,16.14346261574074,2002,2,28,0
2002-03-14 12:56:58.870000+00:00,39.354,44.125,10.0,4.6,1.02,11.0,0.01162740699112375,14.507268171296296,2002,3,14,12
2002-04-07 22:50:31.260000+00:00,38.384,45.261,42.0,4.5,1.34,28.0,0.051131667347147414,24.412180439814815,2002,4,7,22
2002-04-25 17:41:21.530000+00:00,41.765,44.96,10.0,4.8,1.11,26.0,0.06116086106291451,17.785304050925927,2002,4,25,17
2002-10-17 00:53:02.060000+00:00,39.443,40.275,10.0,4.8,1.13,23.0,0.058986957049557254,174.29977465277776,2002,10,17,0
2002-10-22 15:52:13.020000+00:00,39.423,40.177,10.0,4.7,1.12,38.0,0.10011538532412727,5.624432407407408,2002,10,22,15
2002-11-24 11:53:32.630000+00:00,43.085,46.847,33.0,4.5,0.65,6.0,1.1410243693313489,32.834254745370366,2002,11,24,11
2003-01-20 16:38:53+00:00,40.439,49.914,33.0,4.6,1.33,16.0,0.08676001032272573,57.19815243055556,2003,1,20,16
2003-01-27 05:26:23.040000+00:00,39.5,39.878,10.0,6.1,1.14,23.0,0.045334912791271685,6.532986574074075,2003,1,27,5
2003-05-01 00:27:04.700000+00:00,39.007,40.464,10.0,6.4,1.09,23.0,0.009577501134399837,93.7921488425926,2003,5,1,0
2003-05-08 01:44:20.590000+00:00,39.015,40.605,10.0,4.6,1.18,40.0,0.07445606234970267,7.05365613425926,2003,5,8,1
2003-05-10 15:44:51.210000+00:00,39.05,40.36,10.0,4.6,1.0618750000000001,43.0,0.005607932031118325,2.5836877314814815,2003,5,10,15
2003-06-01 06:09:45.570000+00:00,41.069,47.382,33.9,4.7,0.99,62.0,0.10373921691656733,21.600629166666668,2003,6,1,6
2003-08-11 20:12:08.980000+00:00,38.832,44.882,33.0,4.7,1.26,46.0,0.07426805646839954,71.5849931712963,2003,8,11,20
2003-10-20 06:26:51.060000+00:00,38.653,44.574,10.0,4.8,1.39,36.0,0.11034759266237892,69.42687592592593,2003,10,20,6
2003-10-23 17:24:01.340000+00:00,37.521,42.656,10.0,4.8,1.08,37.0,0.25704572767646666,3.4563689814814818,2003,10,23,17
2003-10-24 20:47:22.270000+00:00,40.681,50.213,33.0,4.6,0.89,13.0,0.02773088863750029,1.1412144675925926,2003,10,24,20
2003-11-10 08:43:43.880000+00:00,41.079,48.98,33.0,4.7,1.17,2.0,0.0022624425962378064,16.497472337962964,2003,11,10,8
2004-01-24 04:40:47.740000+00:00,38.074,44.923,46.0,4.5,1.19,11.0,0.028388489619105697,74.83129467592593,2004,1,24,4
2004-03-03 14:38:39.780000+00:00,39.015,40.404,5.5,4.6,1.18,13.0,0.02831656630994547,39.415185648148146,2004,3,3,14
2004-03-25 19:30:49.040000+00:00,39.93,40.812,10.0,5.6,1.11,23.0,0.040367276296470515,22.202884953703705,2004,3,25,19
2004-03-28 03:51:10.050000+00:00,39.847,40.874,5.0,5.6,1.0618750000000001,23.0,0.14283289689608233,2.347465393518519,2004,3,28,3
2004-04-01 08:35:19.930000+00:00,39.93,40.775,5.0,4.7,1.0618750000000001,13.0,0.022842202053576347,4.1973365740740745,2004,4,1,8
2004-06-12 13:37:54.360000+00:00,38.663,39.826,10.0,4.6,1.18,38.0,0.030642674666233962,72.21012071759259,2004,6,12,13
2004-07-01 22:30:09.320000+00:00,39.766,43.979,5.0,5.1,1.09,23.0,0.04289796623905383,19.369617592592594,2004,7,1,22
2004-07-30 07:14:07.840000+00:00,39.634,43.966,5.0,4.8,1.0618750000000001,36.0,0.018539645047373855,28.363871759259258,2004,7,30,7
2004-07-30 07:16:18.170000+00:00,39.668,43.975,5.0,4.7,1.0618750000000001,12.0,0.05318338687784905,0.0015084490740740742,2004,7,30,7
2004-09-26 21:03:14.840000+00:00,38.611,43.312,12.5,4.6,1.14,7.0,0.02433826053868867,58.574267013888885,2004,9,26,21
2005-01-25 15:24:27.590000+00:00,37.56,43.78,19.4,4.8,1.43,33.0,0.015472398660387533,120.76473090277777,2005,1,25,15
2005-01-25 16:32:54.170000+00:00,37.704,43.726,34.8,4.6,1.27,19.0,0.03550832091181838,0.04752986111111111,2005,1,25,16
2005-01-25 16:44:16.130000+00:00,37.622,43.703,41.2,5.9,1.14,23.0,0.07652757110408108,0.007893055555555556,2005,1,25,16
2005-01-25 17:52:13.230000+00:00,37.791,43.607,11.1,4.6,1.59,19.0,0.040564536335300536,0.04718865740740741,2005,1,25,17
2005-02-02 23:26:54.020000+00:00,37.722,43.849,10.0,4.5,1.19,21.0,0.016939126776698253,8.232416550925926,2005,2,2,23
2005-02-04 00:19:58.500000+00:00,37.567,43.736,9.5,4.5,1.25,38.0,0.012402917642682282,1.0368574074074073,2005,2,4,0
2005-03-12 07:36:12.180000+00:00,39.44,40.978,11.1,5.6,1.13,23.0,0.07277441452587782,36.302936111111116,2005,3,12,7
2005-03-13 03:02:26.130000+00:00,40.339,45.844,10.0,4.6,1.08,46.0,0.07566785343648802,0.8098836805555555,2005,3,13,3
2005-03-14 01:55:55.600000+00:00,39.354,40.89,5.0,5.8,1.0618750000000001,23.0,0.028619998400148366,0.9538133101851852,2005,3,14,1
2005-03-14 04:58:06.570000+00:00,39.428,40.962,10.0,4.6,1.25,70.0,0.05656486257694889,0.12651585648148148,2005,3,14,4
2005-03-23 21:44:53.020000+00:00,39.431,40.925,10.0,5.7,1.13,23.0,0.04961122506046374,9.69914872685185,2005,3,23,21
2005-03-23 23:43:41.330000+00:00,39.39,40.788,5.0,4.6,1.0618750000000001,58.0,0.004361928514893212,0.08250358796296296,2005,3,23,23
2005-04-11 14:50:31.400000+00:00,39.51,49.19,27.7,4.5,1.0618750000000001,6.0,0.07669287541953532,18.629746180555557,2005,4,11,14
2005-06-05 03:44:59.120000+00:00,37.521,43.823,10.0,4.6,1.0,20.0,0.07065100789867282,54.53782083333333,2005,6,5,3
2005-06-06 07:41:28.700000+00:00,39.22,41.08,10.0,5.6,1.0618750000000001,23.0,0.05307208922218785,1.16423125,2005,6,6,7
2005-08-10 08:58:22.060000+00:00,39.152,41.172,20.1,4.5,1.04,18.0,0.1291403849668343,65.05339537037037,2005,8,10,8
2005-09-26 18:57:04+00:00,37.3,47.8,14.0,5.2,1.0618750000000001,23.0,0.107944445844048,47.415763194444445,2005,9,26,18
2005-10-06 17:57:27.310000+00:00,42.842,42.123,11.2,4.5,1.05,58.0,0.02113840966726017,9.958603125,2005,10,6,17
2005-12-10 00:09:50.230000+00:00,39.394,40.946,10.0,5.4,0.84,23.0,0.019347460784515037,64.25859861111111,2005,12,10,0
2006-02-04 01:49:06.810000+00:00,41.201,48.795,41.3,4.5,1.11,34.0,0.05422926889497037,56.06894189814815,2006,2,4,1
2006-02-06 04:08:03.070000+00:00,42.653,43.525,17.0,5.3,1.04,23.0,0.01564690517312909,2.0964844907407407,2006,2,6,4
2006-02-06 09:43:21+00:00,42.875,43.404,9.8,4.5,1.0618750000000001,26.0,0.01392702480269103,0.23284641203703704,2006,2,6,9
2006-05-21 03:48:31+00:00,38.002,42.605,5.0,4.9,1.0618750000000001,106.0,0.15115497349010967,103.75358796296297,2006,5,21,3
2006-07-02 19:39:39+00:00,39.274,40.96,3.0,5.0,1.0618750000000001,23.0,0.05878504894336261,42.66050925925926,2006,7,2,19
2006-09-11 02:23:49.800000+00:00,42.562,48.027,52.3,4.8,0.86,149.0,1.2070048598187146,70.28068055555555,2006,9,11,2
2006-10-12 21:16:52.950000+00:00,43.534,45.572,164.9,4.6,1.15,97.0,0.977041191527256,31.786842013888887,2006,10,12,21
2006-11-01 21:19:45+00:00,39.432,40.654,5.0,4.8,1.0618750000000001,77.0,0.04850443946510232,20.001991319444446,2006,11,1,21
2006-11-05 20:06:41.300000+00:00,37.63,48.92,9.0,4.8,1.0618750000000001,23.0,0.032741440342102794,3.949262731481481,2006,11,5,20
2006-11-23 04:37:34+00:00,39.936,42.654,5.0,4.6,1.0618750000000001,24.0,0.06618817092877054,17.35477662037037,2006,11,23,4
2007-01-11 03:58:35.090000+00:00,42.557,48.51,39.9,4.9,1.03,122.0,1.3145840523251506,48.97292928240741,2007,1,11,3
2007-01-21 07:38:57+00:00,39.592,42.863,3.1,5.2,1.0618750000000001,23.0,0.01525447852938544,10.153031365740741,2007,1,21,7
2007-01-26 08:20:35.990000+00:00,38.418,40.216,5.5,4.9,1.01,23.0,0.06280103502331491,5.02892349537037,2007,1,26,8
2007-02-17 08:45:04.390000+00:00,40.51,42.357,5.0,4.6,1.0618750000000001,24.0,0.07069750966942587,22.01699537037037,2007,2,17,8
2007-03-08 12:35:39.140000+00:00,39.068,40.409,5.0,4.7,1.0618750000000001,47.0,0.024170494268804965,19.160124421296295,2007,3,8,12
2007-03-09 23:24:53.250000+00:00,39.076,40.393,5.0,4.5,1.0618750000000001,33.0,0.027754621109102536,1.4508577546296297,2007,3,9,23
2007-06-30 22:30:35.740000+00:00,42.757,48.283,21.9,4.8,1.09,102.0,1.435593787122944,112.96229733796297,2007,6,30,22
2007-07-11 06:51:14.320000+00:00,38.751,48.598,25.6,5.2,1.24,23.0,0.11558899335091653,10.347668749999999,2007,7,11,6
2007-07-24 13:41:33.880000+00:00,42.01,48.882,66.5,4.7,0.96,58.0,0.8652110069563987,13.284948611111112,2007,7,24,13
2007-08-05 10:52:06.500000+00:00,43.44,45.655,134.3,4.5,0.52,1.0,0.9101592831944063,11.88232199074074,2007,8,5,10
2007-08-23 01:52:23.800000+00:00,40.636,48.518,27.6,4.6,1.09,50.0,0.05094094961266784,17.625200231481482,2007,8,23,1
2007-08-25 22:05:49.600000+00:00,39.282,41.124,10.0,5.3,1.0,23.0,0.026262034182512835,2.8426597222222223,2007,8,25,22
2007-09-21 10:21:21.880000+00:00,37.343,44.272,35.0,4.5,1.34,16.0,0.022801811652707227,26.510790277777776,2007,9,21,10
2007-10-27 04:02:22+00:00,39.318,40.721,5.0,4.5,1.0618750000000001,21.0,0.02563065365057409,35.736806944444446,2007,10,27,4
2007-11-09 09:08:57.130000+00:00,37.291,44.839,28.3,4.7,1.03,28.0,0.15242571773335395,13.21290659722222,2007,11,9,9
2007-12-14 21:56:04.100000+00:00,37.27,47.7,32.7,4.6,1.0618750000000001,36.0,0.016397661785938253,35.532719560185186,2007,12,14,21
2008-03-23 12:11:31.800000+00:00,37.31,48.51,6.0,4.8,1.0618750000000001,58.0,0.04121098166257254,99.59407060185184,2008,3,23,12
2008-08-23 07:29:32.420000+00:00,43.384,47.306,10.0,4.7,1.25,6.0,1.6322113722197282,152.80417384259258,2008,8,23,7
2008-09-02 20:00:50.820000+00:00,38.724,45.794,3.0,5.0,1.22,23.0,0.15640365813484552,10.521740740740741,2008,9,2,20
2008-09-17 12:08:12+00:00,40.01,39.979,5.4,4.8,1.0618750000000001,23.0,0.04762132229133595,14.671772916666665,2008,9,17,12
2008-10-11 09:06:10.770000+00:00,43.372,46.254,16.0,5.8,1.05,23.0,1.0419279541143924,23.873596875,2008,10,11,9
2008-10-11 09:22:01.210000+00:00,43.337,46.192,10.0,5.3,1.04,23.0,0.983379278592452,0.011000462962962964,2008,10,11,9
2008-10-11 12:28:20.930000+00:00,43.279,46.25,10.0,4.6,1.13,42.0,0.9580324094544043,0.1293949074074074,2008,10,11,12
2008-10-13 21:37:22.130000+00:00,43.387,46.249,10.0,4.6,0.98,51.0,1.0530823479505336,2.381263888888889,2008,10,13,21
2008-10-14 15:06:52.970000+00:00,43.392,46.254,36.1,4.6,1.11,71.0,1.0597861772853094,0.7288291666666666,2008,10,14,15
2008-10-20 06:27:52.810000+00:00,43.323,46.149,10.0,4.7,1.24,17.0,0.9532635603887345,5.639581481481482,2008,10,20,6
2008-10-27 20:10:31.620000+00:00,43.318,46.201,29.6,4.5,1.05,11.0,0.970015737792435,7.571282523148149,2008,10,27,20
2009-01-03 04:29:15.910000+00:00,41.802,49.018,10.0,4.5,1.21,5.0,0.6945111145436788,67.34634594907408,2009,1,3,4
2009-05-17 15:03:53.640000+00:00,43.296,46.12,48.1,4.5,0.98,17.0,0.9173045871274175,134.44071446759258,2009,5,17,15
2009-06-04 14:20:03.720000+00:00,40.714,50.592,33.4,4.9,0.85,53.0,0.18077419612662068,17.969561111111112,2009,6,4,14
2009-07-30 07:37:51.720000+00:00,39.588,39.726,10.0,5.0,1.23,23.0,0.004916835555663934,55.72069444444445,2009,7,30,7
2009-09-07 22:41:37.360000+00:00,42.66,43.443,15.0,6.0,0.75,23.0,0.0037979994407932585,39.62761157407407,2009,9,7,22
2009-09-07 22:49:29.450000+00:00,42.62,43.487,10.0,4.8,0.9,49.0,0.009214903730160696,0.005464004629629629,2009,9,7,22
2009-09-07 23:21:03.390000+00:00,42.704,43.42,10.0,4.5,0.79,9.0,0.02451222607857218,0.02192060185185185,2009,9,7,23
2009-09-08 17:50:49.160000+00:00,42.662,43.414,12.1,4.7,1.1,23.0,0.01502892018167581,0.7706686342592594,2009,9,8,17
2009-09-09 08:36:16.860000+00:00,42.538,43.567,9.1,4.6,0.88,8.0,0.046438320281397986,0.6149039351851852,2009,9,9,8
2009-09-12 09:41:21.260000+00:00,42.683,43.431,10.0,4.6,1.17,17.0,0.011610544359133565,3.045189814814815,2009,9,12,9
2010-02-02 10:16:28.810000+00:00,37.926,46.776,10.0,4.6,0.93,23.0,0.04855001724696097,143.02439293981482,2010,2,2,10
2010-03-08 02:32:34.710000+00:00,38.864,39.986,12.0,6.1,0.76,23.0,0.14589802656120143,33.677846064814815,2010,3,8,2
2010-03-08 07:47:41.960000+00:00,38.709,40.051,10.0,5.6,1.08,23.0,0.022048412905437142,0.21883391203703703,2010,3,8,7
2010-03-08 08:11:21+00:00,38.736,40.076,5.1,4.6,1.0618750000000001,4.0,0.0004631134180592127,0.016424074074074074,2010,3,8,8
2010-03-08 09:00:46.400000+00:00,38.761,40.062,5.0,4.9,1.0618750000000001,23.0,0.023395678660812283,0.03432175925925926,2010,3,8,9
2010-03-08 10:14:23.480000+00:00,38.828,40.119,5.0,5.2,1.0618750000000001,63.0,0.09513293857280733,0.05112361111111111,2010,3,8,10
2010-03-08 11:12:10.790000+00:00,38.776,40.143,5.0,5.1,1.0618750000000001,23.0,0.045586778406099475,0.040130902777777776,2010,3,8,11
2010-03-08 15:04:54.010000+00:00,38.677,40.05,10.0,4.9,1.27,23.0,0.050624469841440596,0.16161134259259258,2010,3,8,15
2010-03-24 14:11:31+00:00,38.821,40.138,4.5,5.1,1.0618750000000001,23.0,0.08992787005918047,15.962928125,2010,3,24,14
2010-06-03 04:53:31.650000+00:00,40.679,50.408,45.6,4.5,0.94,20.0,0.0864008660739567,70.61250752314815,2010,6,3,4
2010-10-22 08:00:37.600000+00:00,37.96,49.09,15.0,4.6,1.0618750000000001,21.0,0.21561500739744366,141.12992997685186,2010,10,22,8
2010-10-22 08:34:24.100000+00:00,37.95,49.1,15.0,4.6,1.0618750000000001,18.0,0.2238803251088875,0.02345486111111111,2010,10,22,8
2010-11-06 08:38:05.030000+00:00,43.226,46.193,21.4,4.6,0.96,37.0,0.8842293478306416,15.002557060185184,2010,11,6,8
2011-01-19 09:17:49.750000+00:00,41.961,42.657,10.0,5.2,0.89,23.0,0.06723851980621154,74.02760092592592,2011,1,19,9
2011-02-22 09:11:44+00:00,38.983,42.297,5.0,4.6,1.0618750000000001,23.0,0.1663685971870904,33.99576678240741,2011,2,22,9
2011-02-22 18:15:52.900000+00:00,38.927,42.335,4.8,4.5,1.0618750000000001,21.0,0.2229457215418112,0.37788078703703704,2011,2,22,18
2011-03-04 09:46:28.800000+00:00,37.734,48.606,14.1,4.6,1.0618750000000001,4.0,0.11661172882907626,9.646248842592593,2011,3,4,9
2011-03-14 18:57:10.910000+00:00,38.725,44.112,4.4,4.7,0.92,18.0,0.13193096169097657,10.382431828703703,2011,3,14,18
2011-05-29 11:02:05.540000+00:00,37.414,42.575,11.2,4.5,1.0618750000000001,32.0,0.3888985094641398,75.67007673611111,2011,5,29,11
2011-06-23 07:34:42.740000+00:00,38.578,39.64,6.1,5.2,1.0618750000000001,23.0,0.010509548747675694,24.855986111111115,2011,6,23,7
2011-08-18 11:57:43.070000+00:00,42.606,42.948,10.0,4.8,1.05,23.0,0.0021662967651802536,56.18264270833333,2011,8,18,11
2011-10-23 10:41:23.250000+00:00,38.721,43.508,18.0,7.1,0.93,23.0,0.11643503598573406,65.94699282407407,2011,10,23,10
2011-10-23 10:48:17.420000+00:00,38.751,43.595,9.0,5.6,1.0618750000000001,61.0,0.15050154022134965,0.00479363425925926,2011,10,23,10
2011-10-23 10:52:05+00:00,38.764,43.252,7.1,4.8,1.0618750000000001,46.0,0.18325542444673054,0.002634027777777778,2011,10,23,10
2011-10-23 10:56:49+00:00,38.814,43.446,5.0,5.6,1.0618750000000001,207.0,0.2016002692458517,0.003287037037037037,2011,10,23,10
2011-10-23 11:00:14.310000+00:00,38.593,43.516,10.0,4.6,1.21,4.0,0.01124065877328937,0.002376273148148148,2011,10,23,11
2011-10-23 11:00:29.140000+00:00,38.603,43.101,10.0,5.2,1.15,14.0,0.06827766935096817,0.0001716435185185185,2011,10,23,11
2011-10-23 11:07:33.720000+00:00,38.56,43.284,10.0,4.5,0.97,16.0,0.0232372650280955,0.00491412037037037,2011,10,23,11
2011-10-23 11:10:47.050000+00:00,38.325,42.607,10.0,5.0,1.34,21.0,0.16671909609442467,0.002237615740740741,2011,10,23,11
2011-10-23 11:16:26.870000+00:00,38.741,43.341,10.0,4.7,1.28,21.0,0.1432879266507853,0.003933101851851852,2011,10,23,11
2011-10-23 11:19:04.510000+00:00,38.694,43.571,11.4,4.5,1.19,22.0,0.08913998883217332,0.0018245370370370368,2011,10,23,11
2011-10-23 11:32:41.220000+00:00,38.809,43.3,5.0,5.7,1.0618750000000001,285.0,0.21892929071010533,0.009452662037037037,2011,10,23,11
2011-10-23 12:03:10+00:00,38.701,43.141,7.0,4.7,1.0618750000000001,26.0,0.15992520479899544,0.021166435185185184,2011,10,23,12
2011-10-23 12:13:07.830000+00:00,38.786,43.163,5.0,4.5,1.0618750000000001,42.0,0.22248695496590545,0.0069193287037037044,2011,10,23,12
2011-10-23 12:42:09.690000+00:00,38.729,43.192,5.0,4.8,1.0618750000000001,55.0,0.1589527009207441,0.020160416666666667,2011,10,23,12
2011-10-23 12:56:49.020000+00:00,38.759,43.338,7.2,4.5,1.0618750000000001,38.0,0.16152266251210587,0.010177430555555556,2011,10,23,12
2011-10-23 15:24:31.030000+00:00,38.488,43.256,15.9,4.8,1.03,54.0,0.09094286197132953,0.10256956018518519,2011,10,23,15
2011-10-23 15:58:00.280000+00:00,38.66,43.333,18.3,4.6,1.08,39.0,0.06647379980992309,0.023255208333333333,2011,10,23,15
2011-10-23 16:05:10.800000+00:00,38.793,43.585,9.8,4.6,1.07,30.0,0.16819206403914455,0.00498287037037037,2011,10,23,16
2011-10-23 18:10:45.160000+00:00,38.71,43.338,5.0,5.1,1.0618750000000001,23.0,0.11363922223538427,0.08720324074074073,2011,10,23,18
2011-10-23 18:53:48+00:00,38.711,43.336,12.3,4.9,1.0618750000000001,61.0,0.11506891847755367,0.029893981481481483,2011,10,23,18
2011-10-23 19:06:06.480000+00:00,38.787,43.296,5.0,4.8,1.0618750000000001,58.0,0.19874217360636567,0.008547222222222222,2011,10,23,19
2011-10-23 20:45:34.860000+00:00,38.634,43.077,5.0,5.9,1.0618750000000001,23.0,0.08984065556505548,0.06907847222222223,2011,10,23,20
2011-10-23 20:56:37.490000+00:00,38.616,43.084,7.7,4.5,1.14,6.0,0.07496504324382802,0.007669328703703703,2011,10,23,20
2011-10-23 22:21:30.390000+00:00,38.624,43.067,5.0,4.8,1.0618750000000001,61.0,0.07719817517773073,0.058945601851851846,2011,10,23,22
2011-10-24 04:43:01.410000+00:00,38.651,43.226,5.0,4.7,1.0618750000000001,50.0,0.07439113609833077,0.26494236111111114,2011,10,24,4
2011-10-24 05:54:57.310000+00:00,38.64,43.302,10.0,4.7,0.92,37.0,0.054594451786301665,0.049952546296296294,2011,10,24,5
2011-10-24 08:12:12.340000+00:00,38.851,43.425,4.5,4.5,1.0618750000000001,27.0,0.18252219344218198,0.09531284722222223,2011,10,24,8
2011-10-24 08:28:26.190000+00:00,38.617,43.55,3.6,4.8,1.13,23.0,0.00964885754396337,0.011271412037037038,2011,10,24,8
2011-10-24 08:49:21.130000+00:00,38.667,43.515,7.6,4.8,1.0618750000000001,23.0,0.06198339781748191,0.014524768518518518,2011,10,24,8
2011-10-24 15:28:06.790000+00:00,38.674,43.198,10.6,5.0,1.04,23.0,0.10577004835963626,0.2769173611111111,2011,10,24,15
2011-10-24 23:55:14.380000+00:00,38.736,43.561,5.0,4.6,1.0618750000000001,36.0,0.12913217108450867,0.3521711805555556,2011,10,24,23
2011-10-25 02:33:53.070000+00:00,38.747,43.169,5.0,4.7,1.0618750000000001,12.0,0.18419392804867446,0.11017002314814815,2011,10,25,2
2011-10-25 14:55:08.240000+00:00,38.811,43.623,14.0,5.6,0.91,23.0,0.12769182117806613,0.514758912037037,2011,10,25,14
2011-10-26 02:59:58.160000+00:00,38.803,43.504,10.0,4.5,1.13,15.0,0.18905308397378898,0.5033555555555556,2011,10,26,2
2011-10-26 03:16:18.400000+00:00,38.73,43.3,5.0,4.8,1.0618750000000001,23.0,0.14274291735223624,0.01134537037037037,2011,10,26,3
2011-10-26 23:42:27.290000+00:00,38.699,43.395,5.4,4.5,1.0618750000000001,30.0,0.09687252479934651,0.8514917824074074,2011,10,26,23
2011-10-27 08:04:22.420000+00:00,37.256,43.86,10.0,5.1,0.91,23.0,0.2950871671860949,0.3485547453703704,2011,10,27,8
2011-10-28 08:48:07.360000+00:00,38.649,43.635,5.0,4.6,1.0618750000000001,22.0,0.09448679065879556,1.03038125,2011,10,28,8
2011-10-29 18:45:48.890000+00:00,38.623,43.177,5.0,4.7,1.0618750000000001,54.0,0.08044299304476465,1.4150640046296297,2011,10,29,18
2011-10-29 22:24:21.900000+00:00,38.89,43.56,5.0,5.1,1.0618750000000001,23.0,0.09655761264654115,0.15177094907407407,2011,10,29,22
2011-10-30 01:55:04.670000+00:00,38.729,43.593,5.0,4.5,1.0618750000000001,27.0,0.12898684277475544,0.1463283564814815,2011,10,30,1
2011-11-02 04:34:20.700000+00:00,38.87,43.57,5.0,4.5,1.0618750000000001,29.0,0.11762331364997188,3.110602199074074,2011,11,2,4
2011-11-02 13:24:02.530000+00:00,38.857,43.578,5.0,4.6,1.0618750000000001,24.0,0.1283047697241097,0.36784525462962964,2011,11,2,13
2011-11-05 19:19:16.830000+00:00,38.807,43.542,5.0,4.5,1.26,37.0,0.17935514645528974,3.246693287037037,2011,11,5,19
2011-11-06 02:43:12+00:00,38.924,43.565,5.0,4.8,1.0618750000000001,23.0,0.06370209227332875,0.3082774305555555,2011,11,6,2
2011-11-07 15:53:51.310000+00:00,38.688,43.631,3.8,4.8,1.0618750000000001,29.0,0.11418151167767773,1.549066087962963,2011,11,7,15
2011-11-07 22:14:12.670000+00:00,38.917,43.609,5.0,4.5,1.0618750000000001,17.0,0.06294287469923987,0.2641361111111111,2011,11,7,22
2011-11-08 14:35:34.780000+00:00,38.664,43.651,5.0,4.5,1.0618750000000001,18.0,0.11564020757937099,0.6815059027777778,2011,11,8,14
2011-11-08 19:34:25.380000+00:00,38.8,43.467,5.0,4.5,1.0618750000000001,32.0,0.20070786341808033,0.20753009259259259,2011,11,8,19
2011-11-08 22:05:51.020000+00:00,38.718,43.191,10.0,5.2,0.99,23.0,0.14896312674618686,0.10515787037037036,2011,11,8,22
2011-11-09 19:23:33.240000+00:00,38.429,43.229,5.0,5.6,1.0618750000000001,23.0,0.08355033499429707,0.887294212962963,2011,11,9,19
2011-11-09 19:30:11.330000+00:00,38.42,43.284,4.0,4.8,1.0618750000000001,3.0,0.08298037660853973,0.004607523148148148,2011,11,9,19
2011-11-09 20:45:39.360000+00:00,38.483,43.273,5.0,4.5,1.0618750000000001,19.0,0.09736121763893317,0.05240775462962963,2011,11,9,20
2011-11-09 22:38:18.180000+00:00,38.451,43.208,5.0,4.5,1.0618750000000001,19.0,0.10212208631828604,0.07822708333333334,2011,11,9,22
2011-11-12 18:20:01.640000+00:00,38.634,43.216,5.0,4.6,1.0618750000000001,36.0,0.061940125363127436,2.820641898148148,2011,11,12,18
2011-11-14 16:31:32.210000+00:00,38.658,43.077,4.6,4.5,1.0618750000000001,24.0,0.11261699021370604,1.924659375,2011,11,14,16
2011-11-14 16:47:16.200000+00:00,38.647,43.046,5.0,4.7,1.0618750000000001,33.0,0.0924051532394593,0.010925810185185186,2011,11,14,16
2011-11-14 22:08:15.410000+00:00,38.658,43.17,10.0,5.2,1.22,23.0,0.10851152533256585,0.22290752314814813,2011,11,14,22
2011-11-17 02:37:18.400000+00:00,39.133,41.565,3.8,4.9,1.0618750000000001,45.0,0.04778384201503815,2.186840162037037,2011,11,17,2
2011-11-17 12:38:31.220000+00:00,38.904,43.553,5.0,4.5,1.0618750000000001,10.0,0.08215772976414971,0.41750949074074073,2011,11,17,12
2011-11-18 17:39:40.430000+00:00,38.85,43.878,5.0,4.9,1.0618750000000001,23.0,0.08640641890150459,1.209134375,2011,11,18,17
2011-11-22 03:30:35.800000+00:00,38.611,43.287,2.5,4.6,1.0618750000000001,25.0,0.027055679830977775,3.410363078703704,2011,11,22,3
2011-11-30 00:47:21.760000+00:00,38.474,43.454,4.3,5.4,1.0618750000000001,23.0,0.11060866194293215,7.886643055555555,2011,11,30,0
2011-12-03 01:30:54.610000+00:00,38.868,43.791,5.0,4.7,1.0618750000000001,49.0,0.035021962139735845,3.0302413194444444,2011,12,3,1
2011-12-04 22:15:02.300000+00:00,38.463,43.298,4.2,4.8,1.0618750000000001,23.0,0.12122090286494919,1.8639778935185185,2011,12,4,22
2011-12-06 02:55:59.130000+00:00,38.812,43.67,5.0,4.6,1.0618750000000001,22.0,0.09153230980207765,1.195102199074074,2011,12,6,2
2011-12-06 15:46:27.880000+00:00,37.244,43.713,13.6,4.5,1.0618750000000001,5.0,0.2661622793053117,0.5350549768518519,2011,12,6,15
2011-12-27 19:18:52.780000+00:00,38.888,43.79,5.0,4.7,1.0618750000000001,55.0,0.04800783517214136,21.147510416666666,2011,12,27,19
2012-01-06 00:16:48.900000+00:00,38.7,43.64,5.0,4.5,1.0618750000000001,31.0,0.1290468271946264,9.206899537037037,2012,1,6,0
2012-01-20 09:57:36.970000+00:00,38.695,43.451,5.0,4.7,1.0618750000000001,31.0,0.09763589934920679,14.403334143518519,2012,1,20,9
2012-01-29 04:14:57.560000+00:00,38.823,43.599,5.0,4.5,1.0618750000000001,36.0,0.13795900010550657,8.76204386574074,2012,1,29,4
2012-02-04 20:04:14.590000+00:00,37.695,49.716,45.0,4.8,1.0618750000000001,41.0,0.6042243766471435,6.65922488425926,2012,2,4,20
2012-02-17 09:32:58.050000+00:00,38.696,43.212,4.9,4.7,1.0618750000000001,36.0,0.12147733586969664,12.56161412037037,2012,2,17,9
2012-03-11 08:41:28.810000+00:00,41.481,46.853,10.0,4.5,1.42,14.0,0.1361337608851802,22.96424490740741,2012,3,11,8
2012-03-26 10:35:32.640000+00:00,39.171,42.33,5.0,5.0,1.0618750000000001,23.0,0.021102640911580154,15.07921099537037,2012,3,26,10
2012-04-18 23:30:58.170000+00:00,38.836,43.581,5.0,4.5,1.0618750000000001,25.0,0.1430383689116052,23.538489930555556,2012,4,18,23
2012-04-28 03:17:04.110000+00:00,38.493,40.743,5.0,4.7,1.0618750000000001,101.0,0.02665763622269054,9.157013194444444,2012,4,28,3
2012-05-07 04:40:27.790000+00:00,41.549,46.789,11.0,5.6,0.88,23.0,0.1301678104927326,9.057912962962964,2012,5,7,4
2012-05-07 05:38:03.610000+00:00,41.468,46.752,11.9,4.6,1.0,71.0,0.0603435043397421,0.03999791666666667,2012,5,7,5
2012-05-07 05:40:31.160000+00:00,41.423,46.76,16.6,4.6,1.01,20.0,0.031212984023556968,0.0017077546296296298,2012,5,7,5
2012-05-07 14:15:14.450000+00:00,41.553,46.719,11.9,5.3,0.89,23.0,0.13319984725767509,0.3574454861111111,2012,5,7,14
2012-05-18 14:46:35.790000+00:00,41.576,46.755,14.8,4.9,1.11,45.0,0.12842907034119808,11.021774768518519,2012,5,18,14
2012-05-18 14:47:22.400000+00:00,41.439,46.789,18.1,5.1,0.97,38.0,0.06354041284631251,0.0005394675925925926,2012,5,18,14
2012-06-02 00:32:21.890000+00:00,43.16,46.196,79.7,4.5,0.92,70.0,0.8279086239223494,14.406244097222222,2012,6,2,0
2012-06-14 05:52:53.610000+00:00,37.294,42.325,5.4,5.3,1.0618750000000001,244.0,0.6075165943315848,12.222589351851852,2012,6,14,5
2012-06-24 20:07:20.670000+00:00,38.709,43.645,5.0,4.9,1.0618750000000001,60.0,0.1390154437787411,10.59336875,2012,6,24,20
2012-07-24 22:53:39.560000+00:00,38.685,43.432,5.0,4.5,1.0618750000000001,31.0,0.0860262120980592,30.11549641203704,2012,7,24,22
2012-08-05 20:37:23.800000+00:00,37.421,42.965,17.5,5.0,1.18,49.0,0.2267326496184687,11.905373148148149,2012,8,5,20
2012-08-11 12:23:18.190000+00:00,38.329,46.826,11.0,6.4,1.23,23.0,0.417146459759603,5.656879513888889,2012,8,11,12
2012-08-11 12:30:12+00:00,38.44,46.78,4.0,5.0,1.0618750000000001,2.0,0.46138851151389193,0.0047894675925925926,2012,8,11,12
2012-08-11 12:34:35.900000+00:00,38.389,46.745,12.0,6.2,0.98,23.0,0.43634099754435285,0.003054398148148148,2012,8,11,12
2012-08-11 12:49:14.900000+00:00,38.427,46.703,7.8,4.8,1.0618750000000001,24.0,0.4204244832368864,0.01017361111111111,2012,8,11,12
2012-08-11 13:14:05+00:00,38.342,46.693,4.0,4.8,1.0618750000000001,34.0,0.37284436729203835,0.017246527777777777,2012,8,11,13
2012-08-11 14:25:15.100000+00:00,38.422,46.673,4.0,4.5,1.0618750000000001,10.0,0.40061323755587924,0.049422453703703705,2012,8,11,14
2012-08-11 15:21:14.600000+00:00,38.428,46.789,4.3,4.7,1.0618750000000001,12.0,0.47563562162332357,0.03888310185185185,2012,8,11,15
2012-08-11 15:43:19.200000+00:00,38.436,46.735,9.7,5.0,1.0618750000000001,49.0,0.4407808368168932,0.015331018518518518,2012,8,11,15
2012-08-11 19:52:45.100000+00:00,38.264,46.849,10.0,4.7,1.02,93.0,0.37078015945436105,0.17321643518518517,2012,8,11,19
2012-08-11 22:24:02+00:00,38.482,46.759,4.0,5.1,1.0618750000000001,85.0,0.4149671029816735,0.10505671296296296,2012,8,11,22
2012-08-13 01:56:10+00:00,38.47,46.66,14.1,4.6,1.0618750000000001,43.0,0.36009855887659326,1.147314814814815,2012,8,13,1
2012-08-14 14:02:25+00:00,38.45,46.79,6.0,5.1,1.0618750000000001,144.0,0.45522084591657236,1.5043402777777777,2012,8,14,14
2012-08-15 17:49:04.600000+00:00,38.41,46.672,4.0,5.3,1.0618750000000001,185.0,0.4079334701945904,1.1574027777777778,2012,8,15,17
2012-08-16 17:14:14.140000+00:00,38.403,46.707,10.0,4.9,1.2,6.0,0.4345578848883894,0.9758048611111111,2012,8,16,17
2012-09-27 00:56:01.800000+00:00,38.47,46.64,18.0,4.5,1.0618750000000001,27.0,0.3443738261032645,41.32069050925926,2012,9,27,0
2012-10-07 11:42:47.160000+00:00,40.747,48.437,17.4,5.4,0.85,269.0,0.10642580784768832,10.44913611111111,2012,10,7,11
2012-10-13 18:44:11.240000+00:00,41.83,46.327,9.2,4.6,0.95,61.0,0.02893190723746297,6.292639814814814,2012,10,13,18
2012-10-14 10:13:38.600000+00:00,41.825,46.405,10.0,5.5,1.01,23.0,0.013217404729374152,0.6454555555555556,2012,10,14,10
2012-10-26 22:31:17.380000+00:00,38.259,46.802,10.0,4.5,1.37,23.0,0.34365535736403247,12.512254398148148,2012,10,26,22
2012-11-07 06:26:32.840000+00:00,38.418,46.62,10.0,5.4,1.15,23.0,0.36557730250249343,11.330040046296295,2012,11,7,6
2012-11-16 03:58:25.100000+00:00,38.56,46.59,15.0,4.9,1.0618750000000001,68.0,0.2516684169795677,8.89713263888889,2012,11,16,3
2012-11-20 17:56:28.360000+00:00,39.488,39.852,5.0,4.5,1.0618750000000001,12.0,0.0645788528247434,4.581982175925926,2012,11,20,17
2012-12-23 06:38:57.450000+00:00,38.458,44.868,12.4,5.2,0.89,131.0,0.11250221172698219,32.52950335648148,2012,12,23,6
2012-12-23 13:31:40.760000+00:00,42.42,41.075,15.2,5.7,0.88,23.0,0.661961577972162,0.2866123842592593,2012,12,23,13
2012-12-25 22:44:33.510000+00:00,42.436,40.974,10.0,5.2,1.0,23.0,0.662772038476279,2.383943865740741,2012,12,25,22
2013-01-26 15:10:49+00:00,38.36,46.84,6.0,4.8,1.0618750000000001,15.0,0.45115190798443494,31.684901504629632,2013,1,26,15
2013-03-26 23:35:24.540000+00:00,43.219,41.637,10.0,5.1,0.81,219.0,0.030013691182213656,59.350411342592594,2013,3,26,23
2013-03-31 07:02:37.520000+00:00,42.694,46.798,52.2,4.6,0.64,1.0,0.7781040555899001,4.3105668981481475,2013,3,31,7
2013-04-11 22:31:33.070000+00:00,43.481,40.944,10.0,4.6,1.29,59.0,0.06473151859197579,11.64508738425926,2013,4,11,22
2013-04-16 12:26:59.200000+00:00,42.421,47.725,10.0,4.8,1.03,190.0,1.0179809871055903,4.580163541666667,2013,4,16,12
2013-04-18 10:39:39.290000+00:00,38.401,45.441,10.3,4.8,1.06,91.0,0.017330254052363256,1.9254640046296296,2013,4,18,10
2013-05-28 00:09:52.520000+00:00,43.252,41.662,4.8,5.1,1.4,23.0,0.06887567172043828,39.562653125,2013,5,28,0
2013-06-12 19:02:53.950000+00:00,38.654,43.581,11.8,4.5,0.69,50.0,0.05592385545543311,15.78682210648148,2013,6,12,19
2013-09-09 04:35:47.180000+00:00,40.7429,50.1416,24.29,4.7,1.43,23.0,0.06525197862315955,88.3978383101852,2013,9,9,4
2013-09-17 04:09:13.300000+00:00,42.1462,45.8117,5.0,5.3,0.83,23.0,0.004105555219021773,7.981552314814815,2013,9,17,4
2013-09-17 20:40:51.140000+00:00,39.0234,41.4924,5.33,5.0,1.15,23.0,0.09699821735475059,0.6886324074074074,2013,9,17,20
2013-09-27 10:02:43+00:00,37.33,44.94,7.0,4.5,1.42,23.0,0.24770320007369878,9.556850231481482,2013,9,27,10
2014-02-10 12:06:47.290000+00:00,40.288,48.8033,64.66,5.4,0.72,30.0,0.02170084515348583,136.08616076388887,2014,2,10,12
2014-02-18 21:51:36.500000+00:00,38.82,43.53,10.0,4.5,1.05,57.0,0.16744698432638067,8.40612511574074,2014,2,18,21
2014-04-27 01:42:57.230000+00:00,43.0196,45.8841,10.0,4.6,0.8,82.0,0.5677802508893667,67.16065659722223,2014,4,27,1
2014-06-02 08:07:27.980000+00:00,43.5991,45.4897,10.0,4.8,1.09,92.0,1.0111710475191618,36.26702256944444,2014,6,2,8
2014-06-29 17:26:12.250000+00:00,41.6028,46.6653,33.59,5.0,1.05,75.0,0.13523979001551767,27.38801238425926,2014,6,29,17
2014-07-31 20:29:04.550000+00:00,42.5649,48.949,38.92,4.6,1.19,111.0,1.4232740892757996,32.12699421296296,2014,7,31,20
2014-09-18 22:29:13.060000+00:00,38.6836,48.8359,47.8,4.5,1.22,77.0,0.07926545973176108,49.0834318287037,2014,9,18,22
2014-09-29 01:38:08.090000+00:00,41.1965,48.1004,13.23,5.3,1.19,346.0,0.0782879719682977,10.131192476851853,2014,9,29,1
2014-10-04 04:59:39.050000+00:00,41.1414,47.9386,50.09,4.8,0.98,110.0,0.022384070189771395,5.139941666666667,2014,10,4,4
2014-11-24 19:05:01.360000+00:00,43.1146,45.8854,10.0,4.7,1.48,39.0,0.6564910193597461,51.587063773148145,2014,11,24,19
2015-01-21 13:58:03.400000+00:00,38.25,42.86,4.0,4.5,0.96,30.0,0.12236224476841569,57.786829166666664,2015,1,21,13
2015-01-26 03:30:15.230000+00:00,41.2918,48.8748,50.12,5.0,1.32,109.0,0.164885760417516,4.564025810185186,2015,1,26,3
2015-03-12 00:42:31.720000+00:00,38.3873,49.1201,26.91,4.5,0.99,44.0,0.07784527640267504,44.883524189814814,2015,3,12,0
2015-05-26 01:20:36.750000+00:00,40.8048,46.9161,14.92,4.6,0.91,39.0,0.015996308077067367,75.02644710648148,2015,5,26,1
2015-06-03 09:35:47.320000+00:00,40.8741,48.7352,10.0,4.6,0.94,76.0,0.002124035741169431,8.343872337962962,2015,6,3,9
2015-06-23 22:35:20.120000+00:00,38.6873,43.1797,5.0,4.5,0.98,13.0,0.12618452492283072,20.541351851851854,2015,6,23,22
2015-09-04 04:49:38.520000+00:00,40.9329,47.5328,13.96,5.4,1.01,23.0,0.011918466214188003,72.25993518518518,2015,9,4,4
2015-09-07 00:37:37.900000+00:00,39.18,40.28,5.0,4.5,1.06,19.0,0.09400820074272515,2.8249928240740743,2015,9,7,0
2015-10-29 09:46:42.170000+00:00,39.0744,43.8017,14.76,4.7,1.09,73.0,0.09399996122153936,52.38129942129629,2015,10,29,9
2015-12-02 23:27:09.890000+00:00,39.2826,40.2553,10.0,5.4,0.71,23.0,0.19848673932627492,34.56976527777778,2015,12,2,23
2015-12-07 23:27:19.390000+00:00,39.1998,40.2894,10.0,4.5,0.68,23.0,0.1089838671655795,5.000109953703704,2015,12,7,23
2016-01-12 02:38:39.700000+00:00,39.1672,48.3423,10.0,4.5,0.88,46.0,0.01353847541583542,35.132873958333334,2016,1,12,2
2016-05-13 21:17:47.500000+00:00,42.9476,46.4079,75.96,4.8,0.53,23.0,0.8044113799325593,122.77717361111112,2016,5,13,21
2016-07-12 10:14:01.910000+00:00,41.4162,44.1707,10.0,4.8,1.33,16.0,0.03207631874421765,59.539055671296296,2016,7,12,10
2016-08-01 04:46:34.530000+00:00,39.9542,47.976,16.0,5.0,0.95,17.0,0.19326300307471694,19.77259976851852,2016,8,1,4
2016-12-13 00:33:02.560000+00:00,40.9506,48.6465,44.92,4.5,0.94,72.0,0.04219636314969902,133.8239355324074,2016,12,13,0
2016-12-20 16:40:44.760000+00:00,41.9242,46.7731,10.0,4.5,1.05,42.0,0.08686723085864802,7.672016203703703,2016,12,20,16
2017-02-06 13:46:35.310000+00:00,40.4762,50.6267,35.0,4.6,0.74,45.0,0.03183027288784762,47.87905729166666,2017,2,6,13
2017-02-10 12:27:32.940000+00:00,39.7726,42.5989,10.0,4.5,0.82,73.0,0.07910034633631208,3.9451114583333333,2017,2,10,12
2017-03-06 01:26:21.790000+00:00,43.3545,45.8116,10.0,4.5,0.82,55.0,0.8668845295838947,23.5408431712963,2017,3,6,1
2017-03-20 14:39:46.380000+00:00,38.5214,39.7883,8.72,4.5,0.51,4.0,0.08496593813755149,14.550979050925926,2017,3,20,14
2017-05-01 16:30:42.480000+00:00,38.2272,42.9497,10.0,4.5,0.88,30.0,0.07199369776962185,42.07703819444445,2017,5,1,16
2017-05-03 08:53:37.190000+00:00,42.175,46.9611,10.0,5.2,1.4,337.0,0.39206116322589624,1.682577662037037,2017,5,3,8
2017-05-11 03:24:21.370000+00:00,39.8156,48.5695,62.93,5.1,0.86,130.0,0.39585742531149903,7.771344675925927,2017,5,11,3
2017-05-11 17:58:02.740000+00:00,40.0382,40.7422,13.43,5.1,0.72,270.0,0.08798666567095216,0.6067288194444445,2017,5,11,17
2017-06-07 18:25:41.110000+00:00,41.4667,45.9331,10.0,4.7,0.93,61.0,0.024029766004560107,27.019194097222222,2017,6,7,18
2017-07-20 06:22:29.670000+00:00,40.0288,48.467,10.0,4.5,0.8,53.0,0.40249532323093445,42.49778425925926,2017,7,20,6
2017-08-27 23:14:52.810000+00:00,37.9475,47.1318,17.29,5.2,0.86,15.0,0.2330339980183445,38.703045601851855,2017,8,27,23
2017-10-04 02:36:37.950000+00:00,41.5874,48.6131,10.0,4.5,0.94,22.0,0.4023514369833839,37.14010578703704,2017,10,4,2
2017-11-15 19:48:03.560000+00:00,40.3082,47.3317,22.13,5.2,1.24,25.0,0.11480859589434467,42.71626863425926,2017,11,15,19
2017-11-17 13:27:39.250000+00:00,40.3657,47.3685,35.0,4.5,1.15,41.0,0.18277028726346922,1.7358297453703704,2017,11,17,13
2018-06-05 18:40:30.020000+00:00,41.5263,46.7857,22.65,5.3,0.82,16.0,0.12752205344958795,200.2172542824074,2018,6,5,18
2018-06-23 03:50:06.150000+00:00,38.5975,44.3647,10.0,4.6,0.95,71.0,0.15548794099865315,17.381668171296294,2018,6,23,3
2018-06-26 22:20:33.230000+00:00,38.833,48.8258,10.0,4.5,0.72,54.0,0.12092361235886677,3.7711467592592594,2018,6,26,22
2018-08-28 12:57:13.940000+00:00,38.8209,48.8124,10.0,5.0,0.68,234.0,0.1031468828903698,62.60880451388889,2018,8,28,12
2018-11-06 01:17:19.800000+00:00,42.533,43.5963,10.0,5.0,0.59,237.0,0.03922925260406847,69.51395671296297,2018,11,6,1
2018-12-17 10:03:36.510000+00:00,38.544,49.5347,26.47,4.7,0.7,64.0,0.4501735076840075,41.36547118055555,2018,12,17,10
2019-01-31 09:31:27.904000+00:00,37.5461,48.8456,10.0,4.7,0.81,3.0,0.13156139787158241,44.9776781712963,2019,1,31,9
2019-02-05 19:19:53.790000+00:00,40.9017,48.5879,10.0,4.6,1.01,113.0,0.00555145019024864,5.408632939814815,2019,2,5,19
2019-02-05 19:31:36.261000+00:00,40.8961,48.6067,10.0,5.0,0.97,13.0,0.0066171316858523775,0.008130451388888888,2019,2,5,19
2019-05-24 22:34:05.640000+00:00,43.0555,47.1834,10.0,4.5,0.81,140.0,1.2876980629462742,108.12672892361113,2019,5,24,22
2019-06-07 05:27:12.567000+00:00,42.2827,48.9851,58.72,4.5,0.95,37.0,1.1517662587126754,13.286885729166666,2019,6,7,5
2019-08-10 07:35:10.280000+00:00,41.6599,46.6057,10.0,4.9,0.48,95.0,0.10143762868068291,64.08886241898149,2019,8,10,7
2019-09-10 16:22:47.212000+00:00,41.0373,44.1411,6.71,4.7,0.71,115.0,0.11050550927974934,31.366399675925926,2019,9,10,16
2019-11-07 22:47:07.041000+00:00,37.8026,47.5814,20.0,5.9,0.67,28.0,0.12539608552309556,58.26689616898148,2019,11,7,22
2019-11-08 13:51:47.560000+00:00,37.8833,47.4575,10.0,4.6,0.73,47.0,0.20935210794920045,0.6282467476851852,2019,11,8,13
2019-11-10 02:13:47.469000+00:00,37.7305,47.5146,10.0,4.8,1.21,124.0,0.061663608185599024,1.515276724537037,2019,11,10,2
2019-11-19 00:14:13.557000+00:00,38.5443,44.4021,10.0,4.7,0.71,14.0,0.11918464404553981,8.91696861111111,2019,11,19,0
2019-12-29 11:20:09.198000+00:00,40.3089,42.0871,10.0,4.5,0.51,16.0,0.08544464854512449,40.46244954861111,2019,12,29,11
2020-02-15 13:49:48.847000+00:00,40.1236,50.4248,30.87,4.6,1.03,56.0,0.2664214358547983,48.10393112268519,2020,2,15,13
2020-02-16 18:02:15.429000+00:00,38.5223,44.3881,10.0,4.7,1.09,102.0,0.11283542368904827,1.175307662037037,2020,2,16,18
2020-02-23 05:53:01.055000+00:00,38.4465,44.4168,10.0,5.8,0.78,32.0,0.03806166805788562,6.493583634259259,2020,2,23,5
2020-02-23 16:00:31.626000+00:00,38.4958,44.3732,10.0,6.0,0.92,38.0,0.10383739566090901,0.4218816087962963,2020,2,23,16
2020-02-25 14:14:05.050000+00:00,38.4132,44.344,10.0,4.5,0.62,42.0,0.059656369854079745,1.9260812962962963,2020,2,25,14
2020-02-26 07:51:22.389000+00:00,41.3255,50.8974,67.82,4.6,0.8,68.0,0.8591235674129478,0.7342284606481482,2020,2,26,7
2020-04-03 05:44:26.600000+00:00,38.8489,43.523,10.0,4.7,0.82,12.0,0.14004816657135916,36.911854293981484,2020,4,3,5
2020-04-12 02:23:13.223000+00:00,38.4642,44.3085,10.0,4.6,0.99,120.0,0.12165374824052179,8.860261840277778,2020,4,12,2
2020-06-14 14:24:29.501000+00:00,39.4229,40.7073,10.0,5.9,0.62,64.0,0.042660022955609805,63.50088284722222,2020,6,14,14
2020-06-14 14:34:50.289000+00:00,39.417,40.7508,10.0,4.5,0.89,29.0,0.03382344880589217,0.007185046296296296,2020,6,14,14
2020-06-14 15:09:18.396000+00:00,39.3717,40.7449,10.0,4.5,0.71,60.0,0.010972078777607919,0.02393642361111111,2020,6,14,15
2020-06-14 22:40:36.458000+00:00,39.4057,40.7696,10.0,4.5,0.92,7.0,0.02127405159331958,0.3134034953703704,2020,6,14,22
2020-06-15 06:51:31.776000+00:00,39.4226,40.7479,10.0,5.5,0.57,34.0,0.03960727641129381,0.3409180324074074,2020,6,15,6
2020-06-15 16:52:37.882000+00:00,39.4398,40.6354,5.7,4.5,0.88,13.0,0.050447510083161715,0.4174317824074074,2020,6,15,16
2020-06-25 10:03:30.648000+00:00,38.5329,43.9407,10.0,5.4,1.26,19.0,0.12989494220330303,9.71588849537037,2020,6,25,10
2020-08-07 19:20:12.498000+00:00,37.9485,42.6601,15.13,4.8,0.92,12.0,0.1277225932279642,43.38659548611111,2020,8,7,19
2020-09-16 14:48:21.604000+00:00,38.7152,42.0276,10.0,4.6,0.53,14.0,0.039170920336390386,39.811216504629634,2020,9,16,14
2020-10-28 09:16:15.572000+00:00,39.8266,40.2951,10.0,4.5,0.8,21.0,0.05044216286005023,41.76937462962963,2020,10,28,9
2020-11-03 12:16:45.898000+00:00,42.2581,48.8439,70.46,4.5,1.12,46.0,1.1028176871440176,6.12535099537037,2020,11,3,12
2020-11-04 17:51:57.101000+00:00,40.1588,48.2776,59.75,4.5,0.57,48.0,0.3893222300944409,1.2327685532407406,2020,11,4,17
2020-11-22 14:40:27.066000+00:00,40.2408,40.2274,10.0,4.6,0.54,22.0,0.016788370050031365,17.867013483796296,2020,11,22,14
2020-12-03 05:45:19.821000+00:00,37.9458,41.697,10.0,5.0,0.65,10.0,0.21018636443433644,10.628388368055555,2020,12,3,5
2020-12-12 21:29:48.858000+00:00,43.1553,45.5285,10.0,4.7,0.48,96.0,0.6027685419027504,9.655891631944444,2020,12,12,21
2020-12-13 11:34:18.295000+00:00,43.2394,45.576,10.0,4.5,0.61,41.0,0.6961247922998518,0.5864518171296296,2020,12,13,11
2020-12-13 13:05:01.696000+00:00,43.2313,45.5637,10.0,4.6,0.49,69.0,0.6851864464524793,0.06300232638888889,2020,12,13,13
2020-12-14 21:58:46.488000+00:00,38.831,43.4625,10.0,4.7,0.86,68.0,0.178572894247696,1.370657314814815,2020,12,14,21
2021-01-02 01:05:51.643000+00:00,42.0975,48.0137,10.0,5.1,1.1,161.0,0.7424731655932054,18.129920775462963,2021,1,2,1
2021-01-28 17:06:26.708000+00:00,41.2151,49.9622,35.0,4.6,0.92,49.0,0.4741323595491459,26.667072511574073,2021,1,28,17
2021-02-05 15:36:11.039000+00:00,40.5023,45.3486,12.83,5.2,1.15,33.0,0.0395318915553945,7.937318645833334,2021,2,5,15
2021-02-13 11:29:23.758000+00:00,40.0309,44.4522,10.0,4.9,0.48,13.0,0.004613406849795236,7.82861943287037,2021,2,13,11
2021-06-25 18:28:37.298000+00:00,39.1868,40.1667,3.07,5.4,0.7,44.0,0.11072646081673201,132.29112893518518,2021,6,25,18
2021-07-28 00:41:21.445000+00:00,42.7467,46.5445,10.0,4.7,0.93,156.0,0.7132406484546399,32.25884429398148,2021,7,28,0
2021-08-16 01:44:05.896000+00:00,41.1691,43.9722,10.0,4.8,0.79,22.0,0.018758580569969246,19.043570034722222,2021,8,16,1
2021-09-03 03:34:50.084000+00:00,42.2827,46.033,10.0,4.8,1.0,106.0,0.11661535315006513,18.076900324074074,2021,9,3,3
2021-10-20 04:45:41.883000+00:00,43.2461,45.5714,10.0,4.8,0.33,83.0,0.7014492681103761,47.049210636574074,2021,10,20,4
2021-11-19 12:40:53.461000+00:00,39.8267,41.9223,6.17,5.1,0.77,16.0,0.02332052750778678,30.329995115740743,2021,11,19,12
2021-11-20 12:46:06.106000+00:00,40.7299,48.7112,10.0,5.0,0.62,13.0,0.13856992613805263,1.003618576388889,2021,11,20,12
2021-11-20 12:48:18.227000+00:00,40.6354,48.6029,10.0,4.5,0.47,16.0,0.09460959920624508,0.0015291782407407409,2021,11,20,12
2021-11-22 08:31:25.499000+00:00,39.7369,41.8806,10.0,4.7,0.49,104.0,0.07496746514931746,1.8216119444444445,2021,11,22,8
2021-12-05 21:46:49.571000+00:00,38.8916,43.4846,19.36,4.9,0.59,17.0,0.11547427931179687,13.552361944444444,2021,12,5,21
2022-01-31 00:49:57.323000+00:00,39.1928,40.1586,10.0,4.7,0.82,20.0,0.11797118769004264,56.12717305555556,2022,1,31,0
2022-01-31 06:07:00.573000+00:00,39.0635,40.0681,10.0,4.6,0.88,21.0,0.011355798786698193,0.22017650462962962,2022,1,31,6
2022-02-13 18:25:56.058000+00:00,41.1598,44.01,10.0,5.3,0.88,30.0,0.056614156754294376,13.513142187500002,2022,2,13,18
2022-03-14 01:15:46.546000+00:00,42.6548,45.3351,10.0,4.5,0.94,56.0,0.06968330039483282,28.28461212962963,2022,3,14,1
2022-03-15 12:25:58.936000+00:00,42.0409,42.7475,10.0,4.7,0.78,75.0,0.0145558787003073,1.4654211805555555,2022,3,15,12
2022-05-01 19:35:53.019000+00:00,41.1134,44.0631,10.0,4.9,1.07,97.0,0.12528056251869185,47.298542627314816,2022,5,1,19
2022-06-10 06:02:28.549000+00:00,38.8382,43.4028,10.0,4.6,0.79,14.0,0.20557369724432886,39.43513344907407,2022,6,10,6
2022-06-12 18:35:20.871000+00:00,38.7366,43.5068,10.0,5.2,0.73,13.0,0.13206102227758523,2.522827800925926,2022,6,12,18
2022-07-11 03:36:22.891000+00:00,41.1354,43.9928,10.0,4.7,0.59,90.0,0.05739636525948818,28.375717824074073,2022,7,11,3
2022-09-16 20:30:36.774000+00:00,39.3672,40.7044,10.924,4.8,0.86,23.0,0.012714939401063191,67.70432734953704,2022,9,16,20
2022-09-21 17:57:54.724000+00:00,38.4613,44.9496,10.0,5.1,0.92,11.0,0.0795083605484234,4.893957754629629,2022,9,21,17
2022-09-27 14:08:32.729000+00:00,40.7188,42.8876,10.0,5.3,0.56,43.0,0.09169650903933405,5.840717650462963,2022,9,27,14
2022-10-05 00:21:29.702000+00:00,38.5064,45.0259,15.0,5.6,0.67,30.0,0.011845621157335647,7.425659409722222,2022,10,5,0
2022-10-05 13:51:38.954000+00:00,38.5939,45.0923,10.0,4.5,0.53,89.0,0.06834429897130166,0.5626070833333333,2022,10,5,13
2022-12-08 06:42:15.112000+00:00,42.236,46.9267,61.331,5.5,0.44,14.0,0.434105607771121,63.701807384259254,2022,12,8,6
2023-01-18 10:08:14.166000+00:00,38.4334,44.9458,19.102,5.7,0.64,20.0,0.10710821804190827,41.14304460648148,2023,1,18,10
2023-01-28 18:14:45.855000+00:00,38.4199,44.9097,16.0,5.9,0.76,48.0,0.10474904241471622,10.337866770833333,2023,1,28,18
2023-01-28 18:16:56.220000+00:00,38.4811,44.9282,10.0,5.1,0.69,73.0,0.06783757676065329,0.0015088541666666668,2023,1,28,18
2023-01-28 20:09:59.211000+00:00,38.6005,44.8287,10.0,4.5,0.73,39.0,0.0006650464580970343,0.07850684027777778,2023,1,28,20
2023-01-29 14:41:14.127000+00:00,38.4906,44.8693,10.0,4.7,0.64,65.0,0.08232504072061582,0.7717004166666667,2023,1,29,14
2023-01-29 15:13:25.532000+00:00,38.4819,44.7507,10.0,4.5,0.88,59.0,0.13967076898549047,0.022354224537037035,2023,1,29,15
2023-02-06 01:47:43.761000+00:00,38.6055,40.5767,11.35,4.6,0.77,7.0,0.018239004845196374,7.440488761574074,2023,2,6,1
2023-02-07 19:54:23.826000+00:00,38.5889,39.9722,10.0,4.6,0.62,42.0,0.06085729052158168,1.7546303819444444,2023,2,7,19
2023-02-17 00:35:58.508000+00:00,39.1851,40.1492,10.0,4.6,0.78,23.0,0.11274398487280513,9.195540300925927,2023,2,17,0
2023-02-20 00:37:30.258000+00:00,38.6445,39.9175,10.0,4.7,0.82,42.0,0.024308702832847463,3.001061921296296,2023,2,20,0
2023-02-20 00:39:03.160000+00:00,38.6907,39.9843,10.0,4.5,0.53,19.0,0.010428945244650068,0.0010752546296296296,2023,2,20,0
2023-03-16 11:47:14.816000+00:00,38.5027,45.0678,10.0,5.2,1.02,24.0,0.0015927463702665565,24.464023796296296,2023,3,16,11
2023-03-24 03:16:56.125000+00:00,38.4614,44.8505,11.0,5.6,0.92,43.0,0.11670283946337573,7.645617002314815,2023,3,24,3
2023-04-07 08:29:38.709000+00:00,39.076,40.4393,10.0,4.5,0.79,22.0,0.03983849626931122,14.217159537037038,2023,4,7,8
2023-05-22 17:36:59.367000+00:00,37.5455,47.612,10.0,4.5,1.15,54.0,0.13351848974290312,45.38010020833333,2023,5,22,17
2023-06-17 12:30:44.731000+00:00,38.4669,44.9405,10.0,4.5,0.76,71.0,0.077208681575159,25.787330601851853,2023,6,17,12
2023-07-03 20:01:49.849000+00:00,41.7302,49.2849,53.0,5.3,0.96,30.0,0.7165764790454727,16.313253680555555,2023,7,3,20
2023-07-26 07:03:12.853000+00:00,38.7467,48.8812,57.826,4.7,1.16,141.0,0.14223259069132352,22.459294027777776,2023,7,26,7
2023-08-22 21:23:57.614000+00:00,39.0206,48.7354,54.611,4.9,0.87,14.0,0.14418015516645616,27.59774028935185,2023,8,22,21
2023-09-03 16:35:57.754000+00:00,40.3087,48.227,68.322,4.9,0.87,17.0,0.23996907212902677,11.80000162037037,2023,9,3,16
2023-10-12 11:04:04.453000+00:00,38.8669,43.4631,10.0,4.5,0.6,36.0,0.14798327351327303,38.76952197916667,2023,10,12,11
2023-10-19 07:12:13.911000+00:00,42.4665,49.3207,10.0,4.5,0.76,72.0,1.4193933645716774,6.838998356481481,2023,10,19,7
2023-11-08 05:18:47.987000+00:00,39.3399,48.2203,42.593,4.9,0.77,59.0,0.11341355264128673,19.92122773148148,2023,11,8,5
2023-12-07 04:15:39.620000+00:00,41.1658,49.7285,39.269,5.4,1.14,28.0,0.39591908760869976,28.95615315972222,2023,12,7,4
2023-12-23 02:27:22.182000+00:00,38.518,46.722,10.0,4.6,0.91,57.0,0.367400483065822,15.924798171296295,2023,12,23,2
2024-01-19 18:05:56.359000+00:00,39.8359,48.8025,50.837,4.8,0.78,16.0,0.17227249124116614,27.65178445601852,2024,1,19,18
2024-03-30 13:44:35.626000+00:00,42.559,43.597,10.0,4.7,0.59,35.0,0.01514417071971085,70.81851003472222,2024,3,30,13
2024-05-11 13:21:52.546000+00:00,38.864,48.7298,65.131,4.9,0.68,124.0,0.05612779288641639,41.98422361111111,2024,5,11,13
2024-06-03 22:03:42.061000+00:00,42.4881,43.5871,7.984,4.9,0.8,23.0,0.0265125586531874,23.36237864583333,2024,6,3,22
