time;latitude;longitude;depth;mag;nst;gap;dmin;rms;horizontalError;depthError;magError;magNst
2024-06-03T22:03:42.061Z;42.4881;43.5871;7.984;4.9;53;32;0.971;0.8;4.01;4.578;0.065;23
2024-05-11T13:21:52.546Z;38.864;48.7298;65.131;4.9;77;75;0.605;0.68;7.14;5.881;0.053;124
2024-03-30T13:44:35.626Z;42.559;43.597;10;4.7;42;27;1.002;0.59;3.58;1.804;0.093;35
2024-01-19T18:05:56.359Z;39.8359;48.8025;50.837;4.8;173;40;1.978;0.78;6.49;5.115;0.078;16
2023-12-23T02:27:22.182Z;38.518;46.722;10;4.6;55;95;0.897;0.91;5.66;1.862;0.073;57
2023-12-07T04:15:39.620Z;41.1658;49.7285;39.269;5.4;228;30;1.869;1.14;6.56;4.924;0.059;28
2023-11-08T05:18:47.987Z;39.3399;48.2203;42.593;4.9;48;100;0.774;0.77;6.54;7.075;0.073;59
2023-10-19T07:12:13.911Z;42.4665;49.3207;10;4.5;63;62;2.717;0.76;3.48;1.904;0.072;72
2023-10-12T11:04:04.453Z;38.8669;43.4631;10;4.5;104;41;0.638;0.6;3.99;1.844;0.052;36
2023-09-03T16:35:57.754Z;40.3087;48.227;68.322;4.9;79;39;1.235;0.87;5.75;5.811;0.075;17
2023-08-22T21:23:57.614Z;39.0206;48.7354;54.611;4.9;100;75;0.49;0.87;7.85;4.98;0.083;14
2023-07-26T07:03:12.853Z;38.7467;48.8812;57.826;4.7;87;71;0.644;1.16;4.81;5.466;0.046;141
2023-07-03T20:01:49.849Z;41.7302;49.2849;53;5.3;103;31;2.392;0.96;7.55;1.887;0.057;30
2023-06-17T12:30:44.731Z;38.4669;44.9405;10;4.5;101;57;1.487;0.76;6.54;1.879;0.064;71
2023-05-22T17:36:59.367Z;37.5455;47.612;10;4.5;75;81;2.188;1.15;2.56;1.884;0.074;54
2023-04-07T08:29:38.709Z;39.076;40.4393;10;4.5;41;62;0.942;0.79;4.69;1.928;0.115;22
2023-03-24T03:16:56.125Z;38.4614;44.8505;11;5.6;101;40;1.179;0.92;3.53;1.805;0.047;43
2023-03-16T11:47:14.816Z;38.5027;45.0678;10;5.2;110;33;1.111;1.02;5.3;1.758;0.063;24
2023-02-20T00:39:03.160Z;38.6907;39.9843;10;4.5;66;57;1.348;0.53;3.5;1.831;0.071;19
2023-02-20T00:37:30.258Z;38.6445;39.9175;10;4.7;92;41;1.314;0.82;3.87;1.834;0.048;42
2023-02-17T00:35:58.508Z;39.1851;40.1492;10;4.6;95;46;0.874;0.78;4.73;1.875;0.065;23
2023-02-07T19:54:23.826Z;38.5889;39.9722;10;4.6;127;23;1.424;0.62;2.81;1.807;0.048;42
2023-02-06T01:47:43.761Z;38.6055;40.5767;11.35;4.6;17;158;1.142;0.77;7.05;6.644;0.207;7
2023-01-29T15:13:25.532Z;38.4819;44.7507;10;4.5;40;125;1.34;0.88;4.05;1.904;0.071;59
2023-01-29T14:41:14.127Z;38.4906;44.8693;10;4.7;41;101;1.434;0.64;3.68;1.885;0.068;65
2023-01-28T20:09:59.211Z;38.6005;44.8287;10;4.5;46;128;1.419;0.73;6.48;1.851;0.086;39
2023-01-28T18:16:56.220Z;38.4811;44.9282;10;5.1;100;65;1.479;0.69;5.27;1.826;0.067;73
2023-01-28T18:14:45.855Z;38.4199;44.9097;16;5.9;239;31;1.459;0.76;5.24;1.769;0.045;48
2023-01-18T10:08:14.166Z;38.4334;44.9458;19.102;5.7;195;59;1.192;0.64;5.45;3.772;0.069;20
2022-12-08T06:42:15.112Z;42.236;46.9267;61.331;5.5;172;50;0.954;0.44;6.45;4.633;0.083;14
2022-10-05T13:51:38.954Z;38.5939;45.0923;10;4.5;131;58;1.576;0.53;3.63;1.873;0.058;89
2022-10-05T00:21:29.702Z;38.5064;45.0259;15;5.6;105;67;1.558;0.67;7.72;1.811;0.057;30
2022-09-27T14:08:32.729Z;40.7188;42.8876;10;5.3;87;38;1.525;0.56;5.08;1.811;0.047;43
2022-09-21T17:57:54.724Z;38.4613;44.9496;10;5.1;75;62;1.494;0.92;4.74;1.819;0.093;11
2022-09-16T20:30:36.774Z;39.3672;40.7044;10.924;4.8;116;38;0.669;0.86;4;3.52;0.065;23
2022-07-11T03:36:22.891Z;41.1354;43.9928;10;4.7;90;43;1.021;0.59;4.2;1.836;0.058;90
2022-06-12T18:35:20.871Z;38.7366;43.5068;10;5.2;67;56;0.55;0.73;4.7;1.9;0.086;13
2022-06-10T06:02:28.549Z;38.8382;43.4028;10;4.6;59;58;0.59;0.79;5.2;1.9;0.083;14
2022-05-01T19:35:53.019Z;41.1134;44.0631;10;4.9;68;38;1.013;1.07;5;0.9;0.057;97
2022-03-15T12:25:58.936Z;42.0409;42.7475;10;4.7;;37;1.468;0.78;4.8;1.8;0.064;75
2022-03-14T01:15:46.546Z;42.6548;45.3351;10;4.5;;74;0.798;0.94;6.1;1.9;0.073;56
2022-02-13T18:25:56.058Z;41.1598;44.01;10;5.3;;29;0.993;0.88;4.6;1.8;0.057;30
2022-01-31T06:07:00.573Z;39.0635;40.0681;10;4.6;;68;1.348;0.88;2.8;1.9;0.125;21
2022-01-31T00:49:57.323Z;39.1928;40.1586;10;4.7;;38;0.864;0.82;4.8;1.9;0.069;20
2021-12-05T21:46:49.571Z;38.8916;43.4846;19.36;4.9;;52;1.587;0.59;5.5;3.8;0.075;17
2021-11-22T08:31:25.499Z;39.7369;41.8806;10;4.7;;29;1.101;0.49;4.5;1.6;0.054;104
2021-11-20T12:48:18.227Z;40.6354;48.6029;10;4.5;;78;2.989;0.47;11.5;1.9;0.14;16
2021-11-20T12:46:06.106Z;40.7299;48.7112;10;5;;37;3.085;0.62;7.5;1.8;0.086;13
2021-11-19T12:40:53.461Z;39.8267;41.9223;6.17;5.1;;34;1.112;0.77;5;4.4;0.078;16
2021-10-20T04:45:41.883Z;43.2461;45.5714;10;4.8;;71;2.004;0.33;3.3;1.9;0.061;83
2021-09-03T03:34:50.084Z;42.2827;46.033;10;4.8;;45;2.344;1;6.5;1.8;0.055;106
2021-08-16T01:44:05.896Z;41.1691;43.9722;10;4.8;;47;1.175;0.79;5.5;1.8;0.066;22
2021-07-28T00:41:21.445Z;42.7467;46.5445;10;4.7;;45;2.84;0.93;5.3;1.9;0.044;156
2021-06-25T18:28:37.298Z;39.1868;40.1667;3.07;5.4;;34;1.19;0.7;4;3.1;0.047;44
2021-02-13T11:29:23.758Z;40.0309;44.4522;10;4.9;;37;0.25;0.48;5.3;1.9;0.086;13
2021-02-05T15:36:11.039Z;40.5023;45.3486;12.83;5.2;;52;0.584;1.15;4.4;3.6;0.054;33
2021-01-28T17:06:26.708Z;41.2151;49.9622;35;4.6;;71;4.11;0.92;7.1;1.9;0.078;49
2021-01-02T01:05:51.643Z;42.0975;48.0137;10;5.1;;60;3.147;1.1;3.4;1.8;0.045;161
2020-12-14T21:58:46.488Z;38.831;43.4625;10;4.7;;55;0.607;0.86;7;1.8;0.067;68
2020-12-13T13:05:01.696Z;43.2313;45.5637;10;4.6;;77;2.003;0.49;6.4;1.8;0.066;69
2020-12-13T11:34:18.295Z;43.2394;45.576;10;4.5;;32;2.217;0.61;6.8;1.9;0.085;41
2020-12-12T21:29:48.858Z;43.1553;45.5285;10;4.7;;34;2.215;0.48;7.4;1.8;0.056;96
2020-12-03T05:45:19.821Z;37.9458;41.697;10;5;;39;0.659;0.65;6.3;1.8;0.098;10
2020-11-22T14:40:27.066Z;40.2408;40.2274;10;4.6;;61;0.303;0.54;2.3;1.9;0.129;22
2020-11-04T17:51:57.101Z;40.1588;48.2776;59.75;4.5;;53;2.71;0.57;8;6.1;0.078;48
2020-11-03T12:16:45.898Z;42.2581;48.8439;70.46;4.5;;49;3.744;1.12;8.7;8.8;0.08;46
2020-10-28T09:16:15.572Z;39.8266;40.2951;10;4.5;;59;0.246;0.8;4.2;2;0.068;21
2020-09-16T14:48:21.604Z;38.7152;42.0276;10;4.6;;106;0.903;0.53;5.3;1.9;0.083;14
2020-08-07T19:20:12.498Z;37.9485;42.6601;15.13;4.8;;42;0.48;0.92;4.3;4.2;0.089;12
2020-06-25T10:03:30.648Z;38.5329;43.9407;10;5.4;;28;0.727;1.26;5.1;1.8;0.071;19
2020-06-15T16:52:37.882Z;39.4398;40.6354;5.7;4.5;;84;0.587;0.88;5;5.4;0.15;13
2020-06-15T06:51:31.776Z;39.4226;40.7479;10;5.5;;37;0.625;0.57;4.4;1.8;0.053;34
2020-06-14T22:40:36.458Z;39.4057;40.7696;10;4.5;;82;0.646;0.92;5;1.9;0.204;7
2020-06-14T15:09:18.396Z;39.3717;40.7449;10;4.5;;31;0.673;0.71;4.5;1.8;0.07;60
2020-06-14T14:34:50.289Z;39.417;40.7508;10;4.5;;71;0.631;0.89;4.7;1.5;0.101;29
2020-06-14T14:24:29.501Z;39.4229;40.7073;10;5.9;;24;0.615;0.62;4.7;1.8;0.039;64
2020-04-12T02:23:13.223Z;38.4642;44.3085;10;4.6;;39;0.993;0.99;4.4;1.9;0.05;120
2020-04-03T05:44:26.600Z;38.8489;43.523;10;4.7;;60;0.647;0.82;4.1;1.9;0.089;12
2020-02-26T07:51:22.389Z;41.3255;50.8974;67.82;4.6;;45;4.822;0.8;9;6.3;0.066;68
2020-02-25T14:14:05.050Z;38.4132;44.344;10;4.5;;72;1.015;0.62;4.2;1.9;0.083;42
2020-02-23T16:00:31.626Z;38.4958;44.3732;10;6;;18;1.049;0.92;3.5;1.8;0.05;38
2020-02-23T05:53:01.055Z;38.4465;44.4168;10;5.8;;22;1.075;0.78;4.7;1.8;0.055;32
2020-02-16T18:02:15.429Z;38.5223;44.3881;10;4.7;;58;1.065;1.09;4.8;1.8;0.055;102
2020-02-15T13:49:48.847Z;40.1236;50.4248;30.87;4.6;;87;4.356;1.03;7.7;5;0.073;56
2019-12-29T11:20:09.198Z;40.3089;42.0871;10;4.5;;72;0.826;0.51;4.4;1.9;0.135;16
2019-11-19T00:14:13.557Z;38.5443;44.4021;10;4.7;;32;1.623;0.71;5.5;1.8;0.083;14
2019-11-10T02:13:47.469Z;37.7305;47.5146;10;4.8;;102;2.662;1.21;7.4;1.8;0.05;124
2019-11-08T13:51:47.560Z;37.8833;47.4575;10;4.6;;47;2.756;0.73;4.1;1.9;0.08;47
2019-11-07T22:47:07.041Z;37.8026;47.5814;20;5.9;;20;2.752;0.67;6.5;1.7;0.059;28
2019-09-10T16:22:47.212Z;41.0373;44.1411;6.71;4.7;;42;0.998;0.71;5.9;5.4;0.051;115
2019-08-10T07:35:10.280Z;41.6599;46.6057;10;4.9;;45;2.068;0.48;7.8;1.9;0.057;95
2019-06-07T05:27:12.567Z;42.2827;48.9851;58.72;4.5;;52;3.846;0.95;8.3;8.6;0.089;37
2019-05-24T22:34:05.640Z;43.0555;47.1834;10;4.5;;39;3.393;0.81;7;1.9;0.046;140
2019-02-05T19:31:36.261Z;40.8961;48.6067;10;5;;39;3.039;0.97;6.9;1.8;0.086;13
2019-02-05T19:19:53.790Z;40.9017;48.5879;10;4.6;;45;3.027;1.01;7.4;1.9;0.052;113
2019-01-31T09:31:27.904Z;37.5461;48.8456;10;4.7;;162;3.321;0.81;3.8;2;0.317;3
2018-12-17T10:03:36.510Z;38.544;49.5347;26.47;4.7;;115;4.046;0.7;9;6.1;0.069;64
2018-11-06T01:17:19.800Z;42.533;43.5963;10;5;;30;1.567;0.59;5.3;1.3;0.037;237
2018-08-28T12:57:13.940Z;38.8209;48.8124;10;5;;38;3.417;0.68;5;1.8;0.037;234
2018-06-26T22:20:33.230Z;38.833;48.8258;10;4.5;;115;3.422;0.72;3.2;1.9;0.073;54
2018-06-23T03:50:06.150Z;38.5975;44.3647;10;4.6;;37;1.575;0.95;5;1.9;0.065;71
2018-06-05T18:40:30.020Z;41.5263;46.7857;22.65;5.3;;30;2.074;0.82;6.2;4;0.078;16
2017-11-17T13:27:39.250Z;40.3657;47.3685;35;4.5;;49;2.022;1.15;7.5;2;0.085;41
2017-11-15T19:48:03.560Z;40.3082;47.3317;22.13;5.2;;40;1.989;1.24;5.3;3.8;0.062;25
2017-10-04T02:36:37.950Z;41.5874;48.6131;10;4.5;;132;3.269;0.94;8.5;2;0.116;22
2017-08-27T23:14:52.810Z;37.9475;47.1318;17.29;5.2;;44;2.669;0.86;5.2;3.3;0.08;15
2017-07-20T06:22:29.670Z;40.0288;48.467;10;4.5;;52;2.86;0.8;4.8;1.9;0.074;53
2017-06-07T18:25:41.110Z;41.4667;45.9331;10;4.7;;41;0.581;0.93;6.1;1.9;0.071;61
2017-05-11T17:58:02.740Z;40.0382;40.7422;13.43;5.1;;30;0.189;0.72;4.7;3.4;0.035;270
2017-05-11T03:24:21.370Z;39.8156;48.5695;62.93;5.1;;38;2.96;0.86;7.3;5.4;0.05;130
2017-05-03T08:53:37.190Z;42.175;46.9611;10;5.2;;27;2.628;1.4;6.5;1.8;0.031;337
2017-05-01T16:30:42.480Z;38.2272;42.9497;10;4.5;;49;0.12;0.88;5.4;1.9;0.099;30
2017-03-20T14:39:46.380Z;38.5214;39.7883;8.72;4.5;;144;1.592;0.51;5.2;8.2;0.272;4
2017-03-06T01:26:21.790Z;43.3545;45.8116;10;4.5;;44;1.892;0.82;6.1;1.6;0.073;55
2017-02-10T12:27:32.940Z;39.7726;42.5989;10;4.5;;43;0.923;0.82;5.2;1.2;0.063;73
2017-02-06T13:46:35.310Z;40.4762;50.6267;35;4.6;;99;4.511;0.74;9.1;2;0.081;45
2016-12-20T16:40:44.760Z;41.9242;46.7731;10;4.5;;79;2.347;1.05;5.5;1.7;0.083;42
2016-12-13T00:33:02.560Z;40.9506;48.6465;44.92;4.5;;42;3.081;0.94;6.9;8;0.064;72
2016-08-01T04:46:34.530Z;39.9542;47.976;16;5;;37;2.49;0.95;6.3;1.8;0.075;17
2016-07-12T10:14:01.910Z;41.4162;44.1707;10;4.8;;38;1.142;1.33;5.4;1.9;0.078;16
2016-05-13T21:17:47.500Z;42.9476;46.4079;75.96;4.8;;24;0.207;0.53;4;4.2;;
2016-01-12T02:38:39.700Z;39.1672;48.3423;10;4.5;;38;1.441;0.88;5.5;1.9;0.08;46
2015-12-07T23:27:19.390Z;39.1998;40.2894;10;4.5;;28;1.506;0.68;3.9;1.9;0.065;23
2015-12-02T23:27:09.890Z;39.2826;40.2553;10;5.4;;13;0.272;0.71;4.1;1.7;;
2015-10-29T09:46:42.170Z;39.0744;43.8017;14.76;4.7;;55;1.294;1.09;6.1;4.4;0.065;73
2015-09-07T00:37:37.900Z;39.18;40.28;5;4.5;;;;1.06;5.2;4.8;0.071;19
2015-09-04T04:49:38.520Z;40.9329;47.5328;13.96;5.4;;27;2.267;1.01;6.4;3.6;;
2015-06-23T22:35:20.120Z;38.6873;43.1797;5;4.5;;;;0.98;6.3;2.8;0.086;13
2015-06-03T09:35:47.320Z;40.8741;48.7352;10;4.6;;39;3.13;0.94;5.7;1.5;0.063;76
2015-05-26T01:20:36.750Z;40.8048;46.9161;14.92;4.6;;44;1.784;0.91;6.2;5;0.087;39
2015-03-12T00:42:31.720Z;38.3873;49.1201;26.91;4.5;;55;3.826;0.99;7.9;5.7;0.081;44
2015-01-26T03:30:15.230Z;41.2918;48.8748;50.12;5;;37;3.342;1.32;6.9;5.6;0.055;109
2015-01-21T13:58:03.400Z;38.25;42.86;4;4.5;;;;0.96;7.6;2.7;0.1;30
2014-11-24T19:05:01.360Z;43.1146;45.8854;10;4.7;;82;2.261;1.48;5.6;1.9;0.088;39
2014-10-04T04:59:39.050Z;41.1414;47.9386;50.09;4.8;;39;3.361;0.98;7.5;5.9;0.059;110
2014-09-29T01:38:08.090Z;41.1965;48.1004;13.23;5.3;;19;3.477;1.19;5.3;3.5;0.032;346
2014-09-18T22:29:13.060Z;38.6836;48.8359;47.8;4.5;;44;4.547;1.22;5.9;5.4;0.062;77
2014-07-31T20:29:04.550Z;42.5649;48.949;38.92;4.6;;43;3.24;1.19;;6.8;0.052;111
2014-06-29T17:26:12.250Z;41.6028;46.6653;33.59;5;;39;1.449;1.05;;4.6;0.066;75
2014-06-02T08:07:27.980Z;43.5991;45.4897;10;4.8;;30;1.885;1.09;;1.8;0.058;92
2014-04-27T01:42:57.230Z;43.0196;45.8841;10;4.6;;33;1.542;0.8;;1.7;0.066;82
2014-02-18T21:51:36.500Z;38.82;43.53;10;4.5;;;;1.05;;1.8;0.072;57
2014-02-10T12:06:47.290Z;40.288;48.8033;64.66;5.4;;16;3.113;0.72;;4.1;0.057;30
2013-09-27T10:02:43.000Z;37.33;44.94;7;4.5;;;;1.42;;3.7;0.074;
2013-09-17T20:40:51.140Z;39.0234;41.4924;5.33;5;;34;2.012;1.15;;4.3;0.058;
2013-09-17T04:09:13.300Z;42.1462;45.8117;5;5.3;;33;0.902;0.83;;1.5;0.048;
2013-09-09T04:35:47.180Z;40.7429;50.1416;24.29;4.7;;75;4.163;1.43;;6;0.064;
2013-06-12T19:02:53.950Z;38.654;43.581;11.8;4.5;67;86;;0.69;;4.1;;50
2013-05-28T00:09:52.520Z;43.252;41.662;4.8;5.1;90;26;;1.4;;4.3;;
2013-04-18T10:39:39.290Z;38.401;45.441;10.3;4.8;130;43;;1.06;;2.8;;91
2013-04-16T12:26:59.200Z;42.421;47.725;10;4.8;223;35;;1.03;;;;190
2013-04-11T22:31:33.070Z;43.481;40.944;10;4.6;120;44.2;;1.29;;;;59
2013-03-31T07:02:37.520Z;42.694;46.798;52.2;4.6;105;34;;0.64;;4.8;;1
2013-03-26T23:35:24.540Z;43.219;41.637;10;5.1;313;24.6;;0.81;;;;219
2013-01-26T15:10:49.000Z;38.36;46.84;6;4.8;64;86.2;;;;;;15
2012-12-25T22:44:33.510Z;42.436;40.974;10;5.2;297;17;;1;;;;
2012-12-23T13:31:40.760Z;42.42;41.075;15.2;5.7;415;19.7;;0.88;;5.5;;
2012-12-23T06:38:57.450Z;38.458;44.868;12.4;5.2;198;43.2;;0.89;;4;;131
2012-11-20T17:56:28.360Z;39.488;39.852;5;4.5;71;37.5;;;;;;12
2012-11-16T03:58:25.100Z;38.56;46.59;15;4.9;151;18.2;;;;;;68
2012-11-07T06:26:32.840Z;38.418;46.62;10;5.4;301;29.8;;1.15;;;;
2012-10-26T22:31:17.380Z;38.259;46.802;10;4.5;98;63.8;;1.37;;;;
2012-10-14T10:13:38.600Z;41.825;46.405;10;5.5;280;19.1;;1.01;;;;
2012-10-13T18:44:11.240Z;41.83;46.327;9.2;4.6;139;32;;0.95;;5.3;;61
2012-10-07T11:42:47.160Z;40.747;48.437;17.4;5.4;373;26.1;;0.85;;6.8;;269
2012-09-27T00:56:01.800Z;38.47;46.64;18;4.5;111;29.5;;;;;;27
2012-08-16T17:14:14.140Z;38.403;46.707;10;4.9;48;60.5;;1.2;;;;6
2012-08-15T17:49:04.600Z;38.41;46.672;4;5.3;342;29.1;;;;;;185
2012-08-14T14:02:25.000Z;38.45;46.79;6;5.1;281;36.9;;;;;;144
2012-08-13T01:56:10.000Z;38.47;46.66;14.1;4.6;130;32.9;;;;;;43
2012-08-11T22:24:02.000Z;38.482;46.759;4;5.1;287;32.9;;;;;;85
2012-08-11T19:52:45.100Z;38.264;46.849;10;4.7;165;40.5;;1.02;;;;93
2012-08-11T15:43:19.200Z;38.436;46.735;9.7;5;126;31.9;;;;;;49
2012-08-11T15:21:14.600Z;38.428;46.789;4.3;4.7;72;57.3;;;;;;12
2012-08-11T14:25:15.100Z;38.422;46.673;4;4.5;57;136.4;;;;;;10
2012-08-11T13:14:05.000Z;38.342;46.693;4;4.8;114;37;;;;;;34
2012-08-11T12:49:14.900Z;38.427;46.703;7.8;4.8;87;74.6;;;;;;24
2012-08-11T12:34:35.900Z;38.389;46.745;12;6.2;522;19.9;;0.98;;;;
2012-08-11T12:30:12.000Z;38.44;46.78;4;5;61;69.9;;;;;;2
2012-08-11T12:23:18.190Z;38.329;46.826;11;6.4;510;21.2;;1.23;;;;
2012-08-05T20:37:23.800Z;37.421;42.965;17.5;5;126;44.4;;1.18;;6;;49
2012-07-24T22:53:39.560Z;38.685;43.432;5;4.5;91;39.1;;;;;;31
2012-06-24T20:07:20.670Z;38.709;43.645;5;4.9;139;34.9;;;;;;60
2012-06-14T05:52:53.610Z;37.294;42.325;5.4;5.3;338;35.7;;;;;;244
2012-06-02T00:32:21.890Z;43.16;46.196;79.7;4.5;129;34.6;;0.92;;3.8;;70
2012-05-18T14:47:22.400Z;41.439;46.789;18.1;5.1;87;64.8;;0.97;;5.7;;38
2012-05-18T14:46:35.790Z;41.576;46.755;14.8;4.9;108;35.9;;1.11;;4.7;;45
2012-05-07T14:15:14.450Z;41.553;46.719;11.9;5.3;510;17.4;;0.89;;3.3;;
2012-05-07T05:40:31.160Z;41.423;46.76;16.6;4.6;72;61;;1.01;;4.8;;20
2012-05-07T05:38:03.610Z;41.468;46.752;11.9;4.6;114;32.1;;1;;5.7;;71
2012-05-07T04:40:27.790Z;41.549;46.789;11;5.6;438;20.1;;0.88;;;;
2012-04-28T03:17:04.110Z;38.493;40.743;5;4.7;193;29.9;;;;;;101
2012-04-18T23:30:58.170Z;38.836;43.581;5;4.5;71;42;;;;;;25
2012-03-26T10:35:32.640Z;39.171;42.33;5;5;294;28.3;;;;;;
2012-03-11T08:41:28.810Z;41.481;46.853;10;4.5;51;82.8;;1.42;;;;14
2012-02-17T09:32:58.050Z;38.696;43.212;4.9;4.7;108;41.7;;;;;;36
2012-02-04T20:04:14.590Z;37.695;49.716;45;4.8;110;71.4;;;;;;41
2012-01-29T04:14:57.560Z;38.823;43.599;5;4.5;111;23.8;;;;;;36
2012-01-20T09:57:36.970Z;38.695;43.451;5;4.7;81;34.7;;;;;;31
2012-01-06T00:16:48.900Z;38.7;43.64;5;4.5;73;39.4;;;;;;31
2011-12-27T19:18:52.780Z;38.888;43.79;5;4.7;104;42.4;;;;;;55
2011-12-06T15:46:27.880Z;37.244;43.713;13.6;4.5;53;37.7;;;;;;5
2011-12-06T02:55:59.130Z;38.812;43.67;5;4.6;85;39.6;;;;;;22
2011-12-04T22:15:02.300Z;38.463;43.298;4.2;4.8;124;38.6;;;;;;
2011-12-03T01:30:54.610Z;38.868;43.791;5;4.7;131;24;;;;;;49
2011-11-30T00:47:21.760Z;38.474;43.454;4.3;5.4;180;24.9;;;;;;
2011-11-22T03:30:35.800Z;38.611;43.287;2.5;4.6;120;33.9;;;;;;25
2011-11-18T17:39:40.430Z;38.85;43.878;5;4.9;162;34.9;;;;;;
2011-11-17T12:38:31.220Z;38.904;43.553;5;4.5;46;39.5;;;;;;10
2011-11-17T02:37:18.400Z;39.133;41.565;3.8;4.9;132;27.9;;;;;;45
2011-11-14T22:08:15.410Z;38.658;43.17;10;5.2;155;38.2;;1.22;;;;
2011-11-14T16:47:16.200Z;38.647;43.046;5;4.7;80;34.4;;;;;;33
2011-11-14T16:31:32.210Z;38.658;43.077;4.6;4.5;72;34.4;;;;;;24
2011-11-12T18:20:01.640Z;38.634;43.216;5;4.6;88;35.3;;;;;;36
2011-11-09T22:38:18.180Z;38.451;43.208;5;4.5;76;38.5;;;;;;19
2011-11-09T20:45:39.360Z;38.483;43.273;5;4.5;70;48.5;;;;;;19
2011-11-09T19:30:11.330Z;38.42;43.284;4;4.8;42;61.3;;;;;;3
2011-11-09T19:23:33.240Z;38.429;43.229;5;5.6;368;19.7;;;;;;
2011-11-08T22:05:51.020Z;38.718;43.191;10;5.2;439;19.9;;0.99;;;;
2011-11-08T19:34:25.380Z;38.8;43.467;5;4.5;82;37.1;;;;;;32
2011-11-08T14:35:34.780Z;38.664;43.651;5;4.5;66;37.6;;;;;;18
2011-11-07T22:14:12.670Z;38.917;43.609;5;4.5;76;39.6;;;;;;17
2011-11-07T15:53:51.310Z;38.688;43.631;3.8;4.8;78;54;;;;;;29
2011-11-06T02:43:12.000Z;38.924;43.565;5;4.8;116;31.9;;;;;;
2011-11-05T19:19:16.830Z;38.807;43.542;5;4.5;88;61.2;;1.26;;4.8;;37
2011-11-02T13:24:02.530Z;38.857;43.578;5;4.6;65;76.6;;;;;;24
2011-11-02T04:34:20.700Z;38.87;43.57;5;4.5;86;39.5;;;;;;29
2011-10-30T01:55:04.670Z;38.729;43.593;5;4.5;83;30.2;;;;;;27
2011-10-29T22:24:21.900Z;38.89;43.56;5;5.1;134;25;;;;;;
2011-10-29T18:45:48.890Z;38.623;43.177;5;4.7;114;34.6;;;;;;54
2011-10-28T08:48:07.360Z;38.649;43.635;5;4.6;76;39.3;;;;;;22
2011-10-27T08:04:22.420Z;37.256;43.86;10;5.1;177;52.3;;0.91;;;;
2011-10-26T23:42:27.290Z;38.699;43.395;5.4;4.5;94;39;;;;;;30
2011-10-26T03:16:18.400Z;38.73;43.3;5;4.8;86;34.5;;;;;;
2011-10-26T02:59:58.160Z;38.803;43.504;10;4.5;44;61.2;;1.13;;;;15
2011-10-25T14:55:08.240Z;38.811;43.623;14;5.6;419;19.7;;0.91;;;;
2011-10-25T02:33:53.070Z;38.747;43.169;5;4.7;42;75.6;;;;;;12
2011-10-24T23:55:14.380Z;38.736;43.561;5;4.6;101;39.3;;;;;;36
2011-10-24T15:28:06.790Z;38.674;43.198;10.6;5;113;38.1;;1.04;;5.2;;
2011-10-24T08:49:21.130Z;38.667;43.515;7.6;4.8;129;28.7;;;;;;
2011-10-24T08:28:26.190Z;38.617;43.55;3.6;4.8;72;35;;1.13;;6.9;;
2011-10-24T08:12:12.340Z;38.851;43.425;4.5;4.5;73;47.1;;;;;;27
2011-10-24T05:54:57.310Z;38.64;43.302;10;4.7;69;34.7;;0.92;;;;37
2011-10-24T04:43:01.410Z;38.651;43.226;5;4.7;107;43.3;;;;;;50
2011-10-23T22:21:30.390Z;38.624;43.067;5;4.8;146;34.5;;;;;;61
2011-10-23T20:56:37.490Z;38.616;43.084;7.7;4.5;49;49.2;;1.14;;6.5;;6
2011-10-23T20:45:34.860Z;38.634;43.077;5;5.9;408;19.6;;;;;;
2011-10-23T19:06:06.480Z;38.787;43.296;5;4.8;115;34.4;;;;;;58
2011-10-23T18:53:48.000Z;38.711;43.336;12.3;4.9;116;34.6;;;;;;61
2011-10-23T18:10:45.160Z;38.71;43.338;5;5.1;144;34.6;;;;;;
2011-10-23T16:05:10.800Z;38.793;43.585;9.8;4.6;77;58.6;;1.07;;4.4;;30
2011-10-23T15:58:00.280Z;38.66;43.333;18.3;4.6;95;33.7;;1.08;;4.2;;39
2011-10-23T15:24:31.030Z;38.488;43.256;15.9;4.8;106;49.4;;1.03;;3.9;;54
2011-10-23T12:56:49.020Z;38.759;43.338;7.2;4.5;95;33.8;;;;;;38
2011-10-23T12:42:09.690Z;38.729;43.192;5;4.8;130;26.8;;;;;;55
2011-10-23T12:13:07.830Z;38.786;43.163;5;4.5;101;35.7;;;;;;42
2011-10-23T12:03:10.000Z;38.701;43.141;7;4.7;74;25.9;;;;;;26
2011-10-23T11:32:41.220Z;38.809;43.3;5;5.7;512;14.1;;;;;;285
2011-10-23T11:19:04.510Z;38.694;43.571;11.4;4.5;53;69;;1.19;;5.3;;22
2011-10-23T11:16:26.870Z;38.741;43.341;10;4.7;64;57.1;;1.28;;;;21
2011-10-23T11:10:47.050Z;38.325;42.607;10;5;41;74.2;;1.34;;;;21
2011-10-23T11:07:33.720Z;38.56;43.284;10;4.5;41;102.6;;0.97;;;;16
2011-10-23T11:00:29.140Z;38.603;43.101;10;5.2;48;83.8;;1.15;;;;14
2011-10-23T11:00:14.310Z;38.593;43.516;10;4.6;31;37.4;;1.21;;;;4
2011-10-23T10:56:49.000Z;38.814;43.446;5;5.6;324;21.3;;;;;;207
2011-10-23T10:52:05.000Z;38.764;43.252;7.1;4.8;107;36.9;;;;;;46
2011-10-23T10:48:17.420Z;38.751;43.595;9;5.6;127;75.4;;;;;;61
2011-10-23T10:41:23.250Z;38.721;43.508;18;7.1;693;19.7;;0.93;;;;
2011-08-18T11:57:43.070Z;42.606;42.948;10;4.8;272;28.6;;1.05;;;;
2011-06-23T07:34:42.740Z;38.578;39.64;6.1;5.2;191;42.2;;;;;;
2011-05-29T11:02:05.540Z;37.414;42.575;11.2;4.5;100;88.6;;;;;;32
2011-03-14T18:57:10.910Z;38.725;44.112;4.4;4.7;67;49.6;;0.92;;5.3;;18
2011-03-04T09:46:28.800Z;37.734;48.606;14.1;4.6;30;50.9;;;;;;4
2011-02-22T18:15:52.900Z;38.927;42.335;4.8;4.5;72;35.4;;;;;;21
2011-02-22T09:11:44.000Z;38.983;42.297;5;4.6;81;62.3;;;;;;23
2011-01-19T09:17:49.750Z;41.961;42.657;10;5.2;242;35.5;;0.89;;;;
2010-11-06T08:38:05.030Z;43.226;46.193;21.4;4.6;68;50.4;;0.96;;12.3;;37
2010-10-22T08:34:24.100Z;37.95;49.1;15;4.6;77;30.9;;;;;;18
2010-10-22T08:00:37.600Z;37.96;49.09;15;4.6;79;29.3;;;;;;21
2010-06-03T04:53:31.650Z;40.679;50.408;45.6;4.5;68;86;;0.94;;6.1;;20
2010-03-24T14:11:31.000Z;38.821;40.138;4.5;5.1;161;41.8;;;;;;
2010-03-08T15:04:54.010Z;38.677;40.05;10;4.9;62;65.1;;1.27;;;;
2010-03-08T11:12:10.790Z;38.776;40.143;5;5.1;150;26.2;;;;;;
2010-03-08T10:14:23.480Z;38.828;40.119;5;5.2;136;26.1;;;;;;63
2010-03-08T09:00:46.400Z;38.761;40.062;5;4.9;83;52.3;;;;;;
2010-03-08T08:11:21.000Z;38.736;40.076;5.1;4.6;36;62.5;;;;;;4
2010-03-08T07:47:41.960Z;38.709;40.051;10;5.6;250;28.1;;1.08;;;;
2010-03-08T02:32:34.710Z;38.864;39.986;12;6.1;379;22;;0.76;;;;
2010-02-02T10:16:28.810Z;37.926;46.776;10;4.6;70;49.6;;0.93;;;;23
2009-09-12T09:41:21.260Z;42.683;43.431;10;4.6;44;54.6;;1.17;;;;17
2009-09-09T08:36:16.860Z;42.538;43.567;9.1;4.6;32;84.4;;0.88;;9.9;;8
2009-09-08T17:50:49.160Z;42.662;43.414;12.1;4.7;63;66.5;;1.1;;17.8;;23
2009-09-07T23:21:03.390Z;42.704;43.42;10;4.5;42;85.1;;0.79;;;;9
2009-09-07T22:49:29.450Z;42.62;43.487;10;4.8;102;55.6;;0.9;;;;49
2009-09-07T22:41:37.360Z;42.66;43.443;15;6;309;32;;0.75;;;;
2009-07-30T07:37:51.720Z;39.588;39.726;10;5;109;52.7;;1.23;;;;
2009-06-04T14:20:03.720Z;40.714;50.592;33.4;4.9;108;74.6;;0.85;;10.1;;53
2009-05-17T15:03:53.640Z;43.296;46.12;48.1;4.5;65;88.5;;0.98;;5.9;;17
2009-01-03T04:29:15.910Z;41.802;49.018;10;4.5;36;93.5;;1.21;;;;5
2008-10-27T20:10:31.620Z;43.318;46.201;29.6;4.5;33;90.9;;1.05;;18.8;;11
2008-10-20T06:27:52.810Z;43.323;46.149;10;4.7;38;90.3;;1.24;;;;17
2008-10-14T15:06:52.970Z;43.392;46.254;36.1;4.6;159;77.2;;1.11;;5.6;;71
2008-10-13T21:37:22.130Z;43.387;46.249;10;4.6;112;66.5;;0.98;;;;51
2008-10-11T12:28:20.930Z;43.279;46.25;10;4.6;83;77.2;;1.13;;;;42
2008-10-11T09:22:01.210Z;43.337;46.192;10;5.3;279;60.1;;1.04;;;;
2008-10-11T09:06:10.770Z;43.372;46.254;16;5.8;472;34.2;;1.05;;;;
2008-09-17T12:08:12.000Z;40.01;39.979;5.4;4.8;180;84.8;;;;;;
2008-09-02T20:00:50.820Z;38.724;45.794;3;5;190;28;;1.22;;5.6;;
2008-08-23T07:29:32.420Z;43.384;47.306;10;4.7;30;128.8;;1.25;;;;6
2008-03-23T12:11:31.800Z;37.31;48.51;6;4.8;172;36.3;;;;;;58
2007-12-14T21:56:04.100Z;37.27;47.7;32.7;4.6;121;40.5;;;;;;36
2007-11-09T09:08:57.130Z;37.291;44.839;28.3;4.7;87;31.7;;1.03;;10.5;;28
2007-10-27T04:02:22.000Z;39.318;40.721;5;4.5;60;120.8;;;;;;21
2007-09-21T10:21:21.880Z;37.343;44.272;35;4.5;40;132.2;;1.34;;;;16
2007-08-25T22:05:49.600Z;39.282;41.124;10;5.3;335;60.1;;1;;;;
2007-08-23T01:52:23.800Z;40.636;48.518;27.6;4.6;137;97.4;;1.09;;12;;50
2007-08-05T10:52:06.500Z;43.44;45.655;134.3;4.5;12;122.3;;0.52;;;;1
2007-07-24T13:41:33.880Z;42.01;48.882;66.5;4.7;133;92.9;;0.96;;6.5;;58
2007-07-11T06:51:14.320Z;38.751;48.598;25.6;5.2;176;21.9;;1.24;;;;
2007-06-30T22:30:35.740Z;42.757;48.283;21.9;4.8;193;91;;1.09;;;;102
2007-03-09T23:24:53.250Z;39.076;40.393;5;4.5;95;111.3;;;;;;33
2007-03-08T12:35:39.140Z;39.068;40.409;5;4.7;146;43.3;;;;;;47
2007-02-17T08:45:04.390Z;40.51;42.357;5;4.6;59;157.5;;;;;;24
2007-01-26T08:20:35.990Z;38.418;40.216;5.5;4.9;58;103.7;;1.01;;18.7;;
2007-01-21T07:38:57.000Z;39.592;42.863;3.1;5.2;262;21.7;;;;;;
2007-01-11T03:58:35.090Z;42.557;48.51;39.9;4.9;240;91.4;;1.03;;;;122
2006-11-23T04:37:34.000Z;39.936;42.654;5;4.6;116;41.2;;;;;;24
2006-11-05T20:06:41.300Z;37.63;48.92;9;4.8;220;28.9;;;;;;
2006-11-01T21:19:45.000Z;39.432;40.654;5;4.8;202;41.4;;;;;;77
2006-10-12T21:16:52.950Z;43.534;45.572;164.9;4.6;257;32.7;;1.15;;;;97
2006-09-11T02:23:49.800Z;42.562;48.027;52.3;4.8;292;92.8;;0.86;;;;149
2006-07-02T19:39:39.000Z;39.274;40.96;3;5;209;71.3;;;;;;
2006-05-21T03:48:31.000Z;38.002;42.605;5;4.9;249;42.4;;;;;;106
2006-02-06T09:43:21.000Z;42.875;43.404;9.8;4.5;82;79.3;;;;;;26
2006-02-06T04:08:03.070Z;42.653;43.525;17;5.3;320;40.1;;1.04;;8.3;;
2006-02-04T01:49:06.810Z;41.201;48.795;41.3;4.5;104;77.6;;1.11;;;;34
2005-12-10T00:09:50.230Z;39.394;40.946;10;5.4;293;73.7;;0.84;;;;
2005-10-06T17:57:27.310Z;42.842;42.123;11.2;4.5;104;44.1;;1.05;;;;58
2005-09-26T18:57:04.000Z;37.3;47.8;14;5.2;340;31.3;;;;;;
2005-08-10T08:58:22.060Z;39.152;41.172;20.1;4.5;53;138.8;;1.04;;16.5;;18
2005-06-06T07:41:28.700Z;39.22;41.08;10;5.6;290;60.2;;;;;;
2005-06-05T03:44:59.120Z;37.521;43.823;10;4.6;60;182.8;;1;;;;20
2005-04-11T14:50:31.400Z;39.51;49.19;27.7;4.5;40;30.1;;;;;;6
2005-03-23T23:43:41.330Z;39.39;40.788;5;4.6;204;66.2;;;;;;58
2005-03-23T21:44:53.020Z;39.431;40.925;10;5.7;465;56.6;;1.13;;;;
2005-03-14T04:58:06.570Z;39.428;40.962;10;4.6;176;98.1;;1.25;;;;70
2005-03-14T01:55:55.600Z;39.354;40.89;5;5.8;578;24.1;;;;;;
2005-03-13T03:02:26.130Z;40.339;45.844;10;4.6;101;79;;1.08;;;;46
2005-03-12T07:36:12.180Z;39.44;40.978;11.1;5.6;458;50.2;;1.13;;5.5;;
2005-02-04T00:19:58.500Z;37.567;43.736;9.5;4.5;78;124.2;;1.25;;6.1;;38
2005-02-02T23:26:54.020Z;37.722;43.849;10;4.5;77;142.4;;1.19;;;;21
2005-01-25T17:52:13.230Z;37.791;43.607;11.1;4.6;64;110.3;;1.59;;23.1;;19
2005-01-25T16:44:16.130Z;37.622;43.703;41.2;5.9;333;57.3;;1.14;;4.2;;
2005-01-25T16:32:54.170Z;37.704;43.726;34.8;4.6;54;102.6;;1.27;;21;;19
2005-01-25T15:24:27.590Z;37.56;43.78;19.4;4.8;70;111.9;;1.43;;27.1;;33
2004-09-26T21:03:14.840Z;38.611;43.312;12.5;4.6;35;56.9;;1.14;;6;;7
2004-07-30T07:16:18.170Z;39.668;43.975;5;4.7;44;105.6;;;;;;12
2004-07-30T07:14:07.840Z;39.634;43.966;5;4.8;132;63.5;;;;;;36
2004-07-01T22:30:09.320Z;39.766;43.979;5;5.1;422;63.3;;1.09;;;;
2004-06-12T13:37:54.360Z;38.663;39.826;10;4.6;136;76.4;;1.18;;;;38
2004-04-01T08:35:19.930Z;39.93;40.775;5;4.7;66;48.4;;;;;;13
2004-03-28T03:51:10.050Z;39.847;40.874;5;5.6;509;38;;;;;;
2004-03-25T19:30:49.040Z;39.93;40.812;10;5.6;237;58.4;;1.11;;;;
2004-03-03T14:38:39.780Z;39.015;40.404;5.5;4.6;50;56.2;;1.18;;10.8;;13
2004-01-24T04:40:47.740Z;38.074;44.923;46;4.5;45;196.7;;1.19;;15.3;;11
2003-11-10T08:43:43.880Z;41.079;48.98;33;4.7;12;154.3;;1.17;;;;2
2003-10-24T20:47:22.270Z;40.681;50.213;33;4.6;33;245.9;;0.89;;;;13
2003-10-23T17:24:01.340Z;37.521;42.656;10;4.8;98;102.2;;1.08;;;;37
2003-10-20T06:26:51.060Z;38.653;44.574;10;4.8;98;64;;1.39;;;;36
2003-08-11T20:12:08.980Z;38.832;44.882;33;4.7;154;57.4;;1.26;;;;46
2003-06-01T06:09:45.570Z;41.069;47.382;33.9;4.7;154;57.9;;0.99;;;;62
2003-05-10T15:44:51.210Z;39.05;40.36;10;4.6;151;35.3;;;;;;43
2003-05-08T01:44:20.590Z;39.015;40.605;10;4.6;94;100.4;;1.18;;;;40
2003-05-01T00:27:04.700Z;39.007;40.464;10;6.4;504;30.9;;1.09;;;;
2003-01-27T05:26:23.040Z;39.5;39.878;10;6.1;384;;;1.14;;;;
2003-01-20T16:38:53.000Z;40.439;49.914;33;4.6;34;;;1.33;;;;16
2002-11-24T11:53:32.630Z;43.085;46.847;33;4.5;20;;;0.65;;;;6
2002-10-22T15:52:13.020Z;39.423;40.177;10;4.7;73;;;1.12;;;;38
2002-10-17T00:53:02.060Z;39.443;40.275;10;4.8;174;;;1.13;;;;
2002-04-25T17:41:21.530Z;41.765;44.96;10;4.8;72;;;1.11;;;;26
2002-04-07T22:50:31.260Z;38.384;45.261;42;4.5;76;;;1.34;;11.5;;28
2002-03-14T12:56:58.870Z;39.354;44.125;10;4.6;36;;;1.02;;;;11
2002-02-28T00:46:30.900Z;37.281;44.138;37.4;4.7;96;;;1.15;;7.8;;42
2002-02-11T21:19:55.730Z;40.114;50.214;56.6;4.7;111;;;0.93;;;;66
2002-02-11T16:18:33.720Z;40.102;50.211;54.2;5;124;;;0.85;;;;
2002-01-05T14:43:42.540Z;37.521;49.016;21.3;4.5;42;;;0.98;;;;16
2001-12-02T04:11:48.250Z;38.435;43.253;33;4.7;84;;;1.12;;;;41
2001-11-15T09:42:19.360Z;43.153;47.142;20.6;4.8;87;;;1.22;;6.6;;29
2001-10-29T10:04:49.580Z;38.922;48.642;53.5;4.6;71;;;1.01;;10.6;;39
2001-08-20T18:50:40.270Z;40.169;42.122;10;4.5;76;;;1.16;;;;27
2001-07-10T21:42:08.840Z;39.832;41.623;33;5.4;269;;;1.06;;;;
2001-06-12T01:46:49.940Z;39.018;47.261;33;4.5;45;;;1.08;;;;23
2001-06-05T15:33:29.770Z;42.472;48.634;60.3;5;258;;;1.2;;5.9;;119
2001-05-29T14:15:54.940Z;39.845;41.959;33;4.7;171;;;1.01;;;;77
2001-05-29T13:14:30.350Z;39.797;41.655;33;4.8;145;;;1.09;;;;71
2001-02-18T15:30:37.030Z;42.75;46.821;82.8;4.6;108;;;1.2;;;;52
2001-01-07T06:49:00.630Z;40.171;50.143;33;5.2;123;;;0.87;;;;
2000-12-24T11:30:47.500Z;38.615;40.259;10;4.6;76;;;1.13;;;;37
2000-12-09T08:37:06.290Z;42.478;44.327;33;4.6;16;;;1.41;;;;1
2000-12-02T15:35:22.670Z;42.428;47.347;33;4.6;90;;;1.22;;;;42
2000-11-30T05:09:51.060Z;40.12;50.116;33;4.6;90;;;1.03;;;;45
2000-11-29T10:44:59.080Z;39.856;50.209;33;5;17;;;1.56;;;;4
2000-11-28T20:37:24.300Z;40.239;50.03;33;4.7;29;;;1.11;;;;2
2000-11-26T21:37:11.180Z;40.123;50.186;54.4;4.5;54;;;1.05;;5.4;;13
2000-11-26T08:47:56.100Z;39.898;50.133;33;4.6;91;;;1.09;;;;52
2000-11-26T06:36:36.280Z;40.048;50.188;49.1;4.7;53;;;1.11;;7.3;;12
2000-11-25T18:49:11.680Z;40.05;50.157;33;4.5;58;;;1.04;;;;20
2000-11-25T18:10:47.390Z;40.167;49.954;33;6.5;268;;;1.02;;;;
2000-11-25T18:09:11.420Z;40.245;49.946;50.4;6.8;446;;;1.03;;2.7;;
2000-11-17T00:28:00.130Z;38.239;42.941;33;4.6;23;;;1.29;;;;1
2000-11-15T15:05:38.170Z;38.397;42.922;65.3;5.6;292;;;1.08;;;;
2000-10-28T12:56:11.610Z;40.211;50.609;33;4.5;28;;;0.65;;;;10
2000-09-27T03:43:58.280Z;41.084;49.559;29.3;4.7;59;;;1.01;;13.3;;22
2000-09-24T06:34:40.270Z;42.482;47.409;33;4.6;100;;;1.28;;;;44
2000-04-22T08:46:33.030Z;42.044;48.708;62.9;4.8;;;;1.09;;;;61
2000-03-21T14:07:40.820Z;39.949;48.23;59.7;5.2;;;;1.01;;;;
2000-03-20T06:45:33.130Z;40.424;42.395;10;4.6;;;;1.23;;;;17
2000-03-18T04:09:51.770Z;40.472;42.315;10;4.6;;;;1.17;;;;18
2000-02-26T08:18:37.690Z;37.304;44.76;33;5.2;;;;0.92;;;;1
1999-12-05T22:14:37.700Z;40.677;42.516;10;4.6;;;;1.08;;;;1
1999-12-03T20:06:56.700Z;40.305;42.306;34.6;4.6;;;;1;;8.2;;18
1999-12-03T17:06:54.700Z;40.358;42.346;19.3;5.7;;;;1.27;;5.8;;
1999-10-12T15:41:16.030Z;39.136;48.314;65.9;4.7;;;;0.92;;6.2;;36
1999-10-03T13:19:17.780Z;38.91;48.673;70.9;4.5;;;;1.19;;12;;14
1999-09-19T16:47:00.160Z;43.154;46.879;43.5;4.8;;;;1.33;;6.5;;42
1999-09-04T20:45:48.980Z;40.297;50.847;33.1;4.6;;;;1.01;;9.3;;34
1999-08-22T11:12:55.040Z;39.175;40.214;10;4.5;;;;1.28;;;;21
1999-08-19T04:33:15.390Z;38.303;46.452;33;4.6;;;;1.26;;;;25
1999-07-20T04:22:38.360Z;39.914;41.342;10;4.5;;;;1.39;;;;22
1999-06-04T09:12:50.070Z;40.802;47.448;33;5.4;;;;1.19;;;;
1999-02-22T13:33:20.080Z;43.243;47.106;33;4.5;;;;1.39;;;;10
1999-02-21T18:14:37.900Z;43.214;46.825;65;5.3;;;;1.18;;8.3;;
1999-02-19T18:00:13.390Z;38.631;44.524;66;4.5;;;;1.35;;14.3;;18
1999-02-01T14:25:56.430Z;43.018;47.056;33;4.5;;;;1.11;;;;9
1999-01-31T08:16:04.120Z;43.036;47.021;33;4.5;;;;1.14;;;;9
1999-01-31T05:07:13.630Z;43.157;46.841;33;5.7;;;;1.18;;;;
1999-01-14T22:45:18.640Z;41.274;43.976;33;4.8;;;;1.23;;;;15
1998-12-23T16:20:59.680Z;40.692;42.542;10;4.5;;;;0.99;;;;16
1998-12-20T03:21:14.720Z;38.591;40.002;10;4.6;;;;1.17;;;;1
1998-12-19T16:15:19.430Z;40.024;42.01;33;4.7;;;;1.03;;;;64
1998-11-23T11:11:37.880Z;38.348;45.085;21.2;4.6;;;;1.2;;;;28
1998-11-18T11:37:19.720Z;38.365;45.169;33;4.8;;;;1.08;;;;40
1998-11-10T05:39:31.140Z;39.129;40.377;10;4.5;;;;1.11;;;;26
1998-10-08T20:48:07.400Z;38.742;40.403;10;4.6;;;;1.14;;;;23
1998-08-07T01:36:12.690Z;37.728;43.453;10;4.6;;;;1.25;;;;31
1998-07-09T16:23:34.560Z;38.887;48.637;33;4.5;;;;1.2;;;;6
1998-07-09T14:19:18.410Z;38.717;48.507;26;6;;;;0.98;;;;
1998-07-07T11:28:13.590Z;41.852;46.019;33;4.6;;;;1.07;;;;5
1998-06-08T09:55:19.540Z;42.322;43.546;33;4.5;;;;1.18;;;;8
1998-05-04T01:02:46.720Z;40.63;49.557;33;4.5;;;;1.01;;;;5
1998-04-18T19:47:00.110Z;40.973;49.848;33;4.5;;;;0.94;;;;19
1998-04-13T15:14:33.530Z;39.238;41.055;33;5.3;;;;0.99;;;;
1998-02-27T18:02:42.780Z;39.688;49.134;50.5;4.6;;;;0.95;;;;29
1998-01-23T12:32:52.910Z;39.393;44.011;33;4.9;;;;1.24;;;;7
1997-11-27T17:34:30.330Z;41.849;45.332;37.5;5.3;;;;1.36;;7.9;;
1997-11-09T05:27:13.590Z;42.037;48.673;69.3;4.5;;;;1.11;;;;19
1997-11-03T08:46:48.170Z;38.709;42.293;33;4.5;;;;1.14;;;;10
1997-11-03T08:07:59.960Z;38.806;42.408;33;4.8;;;;0.93;;;;32
1997-11-02T00:26:01.040Z;38.605;43.367;39;4.5;;;;1.21;;11.3;;38
1997-10-12T05:06:09.260Z;38.472;43.359;44.5;4.7;;;;1.19;;14.2;;2
1997-10-03T21:55:02.710Z;40.659;48.874;33;4.5;;;;0.68;;;;1
1997-10-02T01:06:35.380Z;39.026;44.241;33;4.5;;;;1.17;;;;5
1997-08-08T02:39:01.940Z;39.746;41.869;10;4.5;;;;1.42;;;;23
1997-05-12T03:50:59.810Z;37.93;48.067;10;4.6;;;;1.1;;;;29
1997-03-21T23:00:39.440Z;37.961;47.911;10;4.5;;;;1.29;;;;26
1997-03-05T16:58:38.930Z;40.918;49.507;33;4.8;;;;0.94;;;;48
1997-03-02T18:29:42.570Z;37.864;47.865;10;5.3;;;;1.07;;;;
1997-02-28T13:55:57.120Z;37.831;47.873;10;4.5;;;;0.91;;;;5
1997-02-28T12:57:18.640Z;38.075;48.05;10;6.1;;;;1.14;;;;
1997-02-09T21:49:13.180Z;41.413;43.894;33;4.5;;;;1.16;;;;16
1997-01-28T10:56:53.770Z;42.393;48.489;33;4.6;;;;1.3;;;;7
1996-06-18T08:11:05.730Z;39.159;45.796;51.2;4.7;;;;1.3;;9.3;;65
1996-05-28T04:50:12.850Z;42.008;42.186;33;4.5;;;;1;;;;19
1996-04-22T14:42:32.380Z;39.165;47.369;29.1;5;;;;1.1;;;;49
1996-01-03T08:42:25.750Z;38.994;48.72;56.4;5.4;;;;1.1;;6.6;;
1995-12-05T18:52:37.770Z;39.553;40.19;10;5.3;;;;1.3;;;;62
1995-12-05T18:49:30.460Z;39.44;40.153;14.9;5.8;;;;1.2;;;;
1995-08-17T18:09:58.790Z;38.961;48.908;74.3;4.5;;;;1.1;;8.1;;10
1995-05-27T21:21:31.980Z;39.028;48.944;33;4.8;;;;1.1;;;;67
1995-05-15T00:21:54.710Z;38.545;49.294;33;4.5;;;;1.2;;;;5
1995-05-15T00:16:52.540Z;38.468;49.435;26.3;4.8;;;;1;;;;60
1995-05-13T07:20:43.290Z;40.678;50.592;53.2;4.8;;;;1.1;;;;46
1995-02-14T11:13:20.870Z;37.772;42.724;18.1;4.7;;;;1.5;;;;37
1995-01-29T04:16:56.970Z;39.83;40.657;31.1;5.2;;;;1.2;;7.9;;
1995-01-04T00:57:51.660Z;41.285;48.874;33;4.5;;;;1.2;;;;6
1994-12-30T06:56:16.800Z;38.179;39.67;10;4.7;;;;1.5;;;;23
1994-12-19T14:59:58.540Z;40.934;47.816;33;4.6;;;;1.5;;;;10
1994-12-03T01:35:51.620Z;37.643;49.349;33;4.8;;;;1.2;;;;10
1994-11-02T12:31:01.030Z;38.152;48.315;10;5;;;;1.4;;;;27
1994-09-17T02:24:37.890Z;37.885;41.584;8.8;5.1;;;;1;;;;84
1994-09-05T19:13:17.670Z;41.905;46.231;61.6;4.7;;;;1;;6.7;;51
1994-06-30T09:55:09.650Z;40.941;50.609;33;4.9;;;;1.1;;;;30
1994-05-18T17:18:52.910Z;41.133;43.982;10;4.5;;;;1.1;;;;4
1994-05-02T18:14:05.320Z;40.306;43.13;59.4;4.5;;;;1;;;;15
1994-04-17T08:02:32.030Z;41.948;46.317;33;5;;;;1.3;;;;69
1994-04-10T13:40:47.080Z;43.049;46.18;85.6;4.7;;;;1.3;;6.4;;47
1994-02-11T17:40:07.830Z;42.478;43.726;16;4.5;;;;1.1;;;;23
1993-10-25T14:33:19.970Z;41.336;49.478;33;4.7;;;;1.2;;;;29
1993-10-15T22:37:19.670Z;40.744;48.105;56.1;4.8;;;;1.1;;;;17
1993-08-31T06:55:32.410Z;41.878;49.466;84.6;5.3;;;;1;;;;
1993-07-22T01:54:56.840Z;39.533;40.116;10.6;4.6;;;;1.4;;4.8;;29
1993-05-04T22:39:25.270Z;42.595;45.178;17.5;4.8;;;;1.1;;;;55
1993-04-27T20:07:04.210Z;42.753;43.828;16.4;4.6;;;;1.3;;;;30
1993-04-08T09:48:03.860Z;37.902;47.985;10;4.7;;;;1.3;;;;7
1993-03-30T22:25:22.100Z;38.379;45.047;45.1;4.5;;;;1.2;;10;;20
1993-03-19T20:05:20.530Z;41.931;46.693;67;4.5;;;;1.5;;8.7;;23
1993-03-15T15:32:38.320Z;38.102;45.807;10.6;4.8;;;;1.3;;;;52
1993-02-22T04:24:20.690Z;42.558;43.862;10;5;;;;1;;;;53
1992-12-09T20:29:47.190Z;40.058;45.312;15.8;4.8;;;;1.2;;;;51
1992-11-05T15:42:26.930Z;42.284;44.794;40.4;4.5;;;;1;;7.5;;17
1992-10-24T00:14:40.260Z;42.485;44.931;33;4.6;;;;1.3;;;;11
1992-10-23T23:19:45.200Z;42.589;45.104;16.4;6.4;;;;1;;;;
1992-08-21T19:11:07.870Z;42.444;43.26;33;4.5;;;;1.1;;4.2;;39
1992-07-14T18:46:22.730Z;39.178;41.722;10;4.5;;;;1.4;;;;19
1992-07-14T04:26:26.630Z;39.255;41.754;18.1;4.5;;;;1.3;;;;33
1992-05-07T19:15:03.330Z;38.698;40.143;18.3;5.2;;;;1.3;;;;
1992-04-22T03:03:52.030Z;39.532;39.718;29.3;4.5;;;;1.1;;6.4;;35
1992-04-20T18:04:59.040Z;39.537;39.859;14.3;4.6;;;;1.2;;;;34
1992-03-27T19:21:04.880Z;42.466;43.725;33;4.8;;;;1.2;;;;39
1992-03-21T23:15:50.290Z;39.602;39.87;15;4.7;;;;1.3;;;;44
1992-03-15T16:16:24.240Z;39.532;39.929;20.9;5.9;;;;1.2;;;;
1992-03-14T01:24:33.710Z;39.527;39.701;22;4.7;;;;1.2;;;;26
1992-03-13T22:47:42.880Z;40.021;39.744;10;4.7;;;;1.2;;;;26
1992-03-13T20:15:18.170Z;39.433;39.914;10;4.5;;;;1.2;;;;2
1992-03-13T18:37:53.800Z;39.843;39.52;10;4.7;;;;1;;;;38
1992-03-13T17:18:39.980Z;39.71;39.605;27.2;6.7;;;;1.1;;;;
1992-02-18T01:39:40.920Z;41.477;43.464;33;4.5;;;;1.5;;;;2
1992-02-15T12:52:51.770Z;42.803;46.524;15.2;4.9;;;;1.6;;;;44
1992-01-06T01:18:10.950Z;40.342;49.786;33;4.5;;;;0.8;;;;16
1991-10-21T11:58:19.310Z;41.982;46.746;33;4.5;;;;1.3;;;;10
1991-10-18T16:23:44.350Z;41.642;47.638;33;4.5;;;;1.2;;;;10
1991-10-06T01:46:47.580Z;41.096;43.409;18.3;5.1;;;;1.1;;;;
1991-07-04T06:26:31.860Z;42.387;44.116;20.4;5.4;;;;1.3;;;;
1991-06-30T20:09:18.370Z;42.424;43.688;10;4.5;;;;1;;;;15
1991-06-19T06:40:28.950Z;40.282;42.971;33;4.6;;;;1.2;;;;9
1991-06-17T03:04:45.510Z;42.252;44.222;10;4.5;;;;1.6;;;;1
1991-06-16T11:07:10.690Z;39.984;42.875;25.6;4.6;;;;1.3;;;;19
1991-06-15T00:59:20.310Z;42.461;44.009;9.4;6.3;;;;1.2;;;;
1991-06-03T10:22:40.440Z;40.048;42.859;27.8;5.2;;;;1.3;;;;
1991-05-21T17:37:38.850Z;42.867;48.028;10;5;;;;1.2;;;;13
1991-05-15T14:28:50.120Z;42.565;43.349;14;4.9;;;;1.2;;;;50
1991-05-10T20:52:27.340Z;42.534;43.986;10;4.7;;;;1.1;;;;31
1991-05-10T01:25:15.610Z;42.496;43.153;10;4.6;;;;1;;;;21
1991-05-03T23:41:01.870Z;42.647;43.263;10.8;5.2;;;;1.1;;;;64
1991-05-03T20:19:38.860Z;42.683;43.247;10;5.6;;;;1.2;;;;
1991-05-03T06:08:37.170Z;42.482;43.363;10;4.6;;;;0.9;;;;10
1991-05-02T09:44:41.410Z;42.483;43.507;10;4.5;;;;1.1;;;;17
1991-05-02T01:25:30.140Z;42.541;43.96;10;5.1;;;;1.3;;;;46
1991-05-01T05:13:35.350Z;42.505;43.434;10;4.8;;;;1.3;;;;18
1991-05-01T03:06:50.260Z;42.405;43.784;10;4.5;;;;1.3;;;;7
1991-04-30T16:07:38.980Z;42.491;43.23;10;4.6;;;;0.9;;;;15
1991-04-30T11:15:29.480Z;42.599;43.49;10;4.8;;;;1;;;;34
1991-04-29T23:32:29.050Z;42.571;43.891;10;4.6;;;;1.3;;;;4
1991-04-29T22:28:23.040Z;42.709;43.858;10;4.7;;;;1.1;;;;22
1991-04-29T21:24:09.370Z;42.205;43.676;10;4.5;;;;1.4;;;;15
1991-04-29T20:32:54.210Z;42.541;43.333;10;5.4;;;;1.1;;;;81
1991-04-29T20:24:43.160Z;42.557;43.809;10;4.7;;;;1.2;;;;33
1991-04-29T19:44:54.770Z;42.585;43.966;10;4.5;;;;1.3;;;;18
1991-04-29T19:07:03.750Z;42.494;43.69;10;4.5;;;;1.3;;;;22
1991-04-29T18:30:41.520Z;42.503;43.899;14.3;6.1;;;;1;;;;
1991-04-29T18:23:15.290Z;42.583;43.764;10;5.5;;;;1.3;;;;85
1991-04-29T17:10:27.240Z;42.224;43.409;10;4.6;;;;0.3;;;;8
1991-04-29T16:49:57.850Z;42.854;44.062;10;4.5;;;;1.2;;;;7
1991-04-29T14:43:06.360Z;42.515;43.937;10;5.4;;;;1.1;;;;79
1991-04-29T13:49:58.380Z;42.542;43.337;10;4.6;;;;1.1;;;;18
1991-04-29T11:59:54.830Z;42.625;43.962;10;4.5;;;;1.2;;;;23
1991-04-29T11:51:10.320Z;42.572;43.816;10;4.9;;;;1.1;;;;1
1991-04-29T11:10:11.950Z;42.584;43.904;10;4.7;;;;1;;;;17
1991-04-29T10:52:42.260Z;42.712;44.102;10;4.6;;;;1.2;;;;19
1991-04-29T10:19:41.340Z;42.216;43.589;10;4.5;;;;1.1;;;;13
1991-04-29T10:15:34.710Z;42.783;43.864;10;4.5;;;;1.4;;;;10
1991-04-29T10:01:12.430Z;42.356;43.864;10;4.8;;;;1.1;;;;27
1991-04-29T09:59:24.080Z;42.617;43.4;10;4.6;;;;1.1;;;;26
1991-04-29T09:37:37.260Z;42.568;43.881;10;4.9;;;;1;;;;26
1991-04-29T09:12:48.100Z;42.453;43.673;17.2;7;;;;1.2;;;;
1991-04-24T10:54:35.740Z;39.597;41.118;33;4.5;;;;0.8;;;;19
1991-02-02T06:54:40.460Z;37.275;42.566;10;4.7;;;;1;;;;8
1991-01-01T19:18:56.480Z;39.822;48.439;60.7;4.9;;;;1.2;;;;43
1990-12-16T15:45:40.700Z;41.361;43.715;33;5.5;;;;1.2;;;;
1990-09-24T06:35:13.930Z;38.253;47.951;10;4.6;;;;1.4;;;;7
1990-09-17T07:03:32.050Z;37.384;48.929;60.7;4.5;;;;1.1;;13.7;;18
1990-08-21T03:47:26.280Z;37.309;49.685;10;4.8;;;;1.3;;;;18
1990-07-27T05:31:00.140Z;37.318;49.585;10;4.8;;;;1.1;;;;7
1990-07-23T20:54:56.680Z;42.719;45.947;33;4.8;;;;0.9;;;;11
1990-07-01T21:16:48.390Z;37.285;48.82;10;4.7;;;;1;;;;28
1990-07-01T17:19:44.170Z;37.28;48.818;10;4.6;;;;1.4;;;;25
1990-06-24T19:05:21.440Z;37.222;49.647;10;4.8;;;;1;;;;4
1990-06-22T06:07:50.100Z;37.257;48.854;10;4.6;;;;1.5;;;;1
1990-06-21T23:13:07.880Z;37.286;49.642;10;4.5;;;;0.8;;;;1
1990-06-21T04:40:26.220Z;37.508;49.63;10;4.5;;;;0.9;;;;11
1990-06-21T00:35:51.870Z;37.462;48.961;10;4.5;;;;0.6;;;;13
1990-06-21T00:22:33.470Z;37.326;49.415;10;4.6;;;;0.8;;;;11
1990-06-20T21:41:32.480Z;37.705;48.961;10;4.5;;;;1;;;;7
1990-06-20T21:30:12.120Z;37.495;48.792;10;4.7;;;;1.1;;;;13
1990-05-27T18:27:57.360Z;40.869;44.236;10;4.9;;;;1.3;;;;55
1990-04-20T23:30:03.480Z;40.002;40.069;14;5.4;;;;1.4;;;;
1990-01-07T06:50:23.120Z;41.321;49.452;33;4.6;;;;0.8;;;;5
1990-01-03T08:25:06.430Z;42.243;48.303;10.3;4.9;;;;1.4;;;;42
1989-12-03T07:39:06.630Z;38.315;45.216;10;4.7;;;;1.1;;;;32
1989-12-02T04:51:56.590Z;38.64;45.373;10;4.6;;;;0.9;;;;6
1989-09-08T20:12:15.960Z;43.395;46.604;33;4.7;;;;1.5;;;;8
1989-08-24T18:55:21.160Z;41.687;49.273;33;5.2;;;;1.1;;;;11
1989-08-15T14:35:31.260Z;41.132;48.672;33;4.7;;;;1.2;;;;4
1989-08-03T07:42:40.840Z;43.522;45.362;18.2;5.2;;;;1.2;;;;
1989-05-20T20:44:02.260Z;39.553;40.172;38.2;5.4;;;;1.2;;5.2;;
1989-04-13T07:49:20.380Z;41.764;45.855;33;4.8;;;;1.2;;;;29
1989-03-30T16:36:24.580Z;41.081;43.915;10;4.6;;;;1.2;;;;18
1989-02-15T10:10:08.460Z;37.29;50.304;53.1;4.6;;;;1.2;;14.5;;6
1989-01-04T07:29:41.150Z;40.89;44.274;10;5;;;;1.2;;;;19
1988-12-31T04:07:10.440Z;40.908;43.934;10;4.7;;;;1.5;;;;18
1988-12-10T19:13:59.020Z;40.761;44.077;10;4.5;;;;1;;;;4
1988-12-08T20:32:06.410Z;41.147;44.206;10;4.8;;;;1.3;;;;19
1988-12-08T07:46:01.410Z;40.874;44.336;10;4.6;;;;1.5;;;;18
1988-12-08T05:36:29.820Z;40.944;44.1;10;5;;;;1;;;;6
1988-12-08T04:09:36.020Z;40.884;44.41;10;4.7;;;;1.3;;;;6
1988-12-08T01:15:54.030Z;40.755;44.817;10;4.9;;;;1.5;;;;5
1988-12-07T20:07:30.340Z;41.208;44.471;10;4.6;;;;1.2;;;;4
1988-12-07T18:05:42.820Z;40.952;44.16;10;4.6;;;;1.4;;;;8
1988-12-07T09:34:34.050Z;40.956;44.078;10;5;;;;1.4;;;;36
1988-12-07T09:28:51.380Z;40.69;45.37;10;4.6;;;;0.5;;;;4
1988-12-07T08:57:06.110Z;40.936;43.209;10;4.6;;;;1.3;;;;6
1988-12-07T08:06:28.110Z;40.903;44.396;10;4.8;;;;0.9;;;;8
1988-12-07T07:45:44.870Z;40.974;44.246;10;5.9;;;;1.3;;;;24
1988-12-07T07:41:24.200Z;40.987;44.185;5.4;6.8;;;;1.3;;;;24
1988-10-25T17:38:55.580Z;42.058;47.854;33;4.6;;;;1;;;;9
1988-10-18T12:35:43.930Z;40.883;41.673;10;4.8;;;;1.3;;;;8
1988-10-16T23:35:24.510Z;37.964;44.815;33;4.5;;;;1.3;;;;5
1988-09-06T19:16:37.450Z;42.007;41.725;10;5;;;;1.2;;;;43
1988-06-25T16:15:38.340Z;38.458;43.038;50.9;5.5;;;;1.1;;5.5;;
1988-05-03T09:15:21.740Z;42.469;47.663;22.4;5.3;;;;1.2;;;;
1988-05-03T08:41:22.750Z;42.501;47.639;33;4.6;;;;1.3;;;;18
1988-04-21T10:01:48.070Z;39.045;44.05;47.3;4.7;;;;1.1;;10;;9
1988-04-20T03:50:08.390Z;39.109;44.123;55.2;5.5;;;;1.1;;6;;
1988-03-30T21:42:04.110Z;39.276;40.46;10;4.5;;;;0.9;;;;7
1988-01-27T03:46:59.530Z;39.829;45.15;33;4.6;;;;1.2;;;;15
1988-01-07T10:59:38.780Z;38.346;45.476;33;4.7;;;;1.4;;;;9
1987-12-07T00:07:32.510Z;37.956;42.879;33;4.7;;;;1;;;;32
1987-11-05T07:19:17.080Z;40.182;49.817;33;4.5;;;;0.6;;;;8
1987-05-14T22:24:05.080Z;39.915;40.049;48.7;4.7;;;;1.3;;7.4;;32
1987-05-05T10:40:44.650Z;42.527;46.909;33;4.6;;;;1.1;;;;9
1987-02-22T06:51:41.820Z;38.418;40.551;10;4.9;;;;1.1;;;;6
1986-11-05T01:15:39.840Z;38.694;48.617;86.2;4.5;;;;1.3;;15.8;;5
1986-11-01T03:18:10.180Z;41.109;40.162;33;4.7;;;;1;;;;35
1986-09-03T09:28:18.200Z;41.59;43.468;10;4.7;;;;1.3;;;;33
1986-08-24T01:55:22.460Z;40.812;49.66;33;4.5;;;;1.2;;;;4
1986-08-10T17:47:55.770Z;38.537;43.436;43.1;4.7;;;;1;;8.1;;35
1986-07-17T00:12:01.420Z;38.444;45.397;33;4.5;;;;1.4;;;;4
1986-07-12T17:00:53.130Z;38.438;45.164;35.7;4.8;;;;1;;10.2;;25
1986-07-10T18:57:17.240Z;38.376;45.114;33;4.7;;;;1.5;;;;15
1986-06-02T15:16:17.970Z;40.996;47.861;33;4.6;;;;1.3;;;;14
1986-05-13T08:44:02.140Z;41.431;43.737;10;5.8;;;;1.1;;;;
1986-04-29T22:07:55.290Z;38.056;49.036;33;4.7;;;;1.2;;;;19
1986-04-11T04:10:31.250Z;40.127;43.397;10;5;;;;0.9;;;;18
1986-02-07T22:53:16.470Z;40.983;49.526;33;4.7;;;;1.1;;;;9
1986-01-27T16:35:52.870Z;38.885;48.62;71.2;5.3;;;;0.9;;6;;55
1986-01-06T00:09:10.900Z;40.537;49.299;33;4.9;;;;1.2;;;;8
1986-01-01T06:09:06.720Z;39.119;41.715;45.2;4.8;;;;1;;9.1;;23
1985-11-07T08:26:21.440Z;40.31;42.307;33;5.2;;;;1.2;;;;
1985-11-02T09:34:14.190Z;37.521;49.068;33;4.5;;;;1.3;;;;4
1985-10-22T01:26:07.980Z;42.64;46.48;33;4.7;;;;1.4;;;;9
1985-10-16T21:22:39.740Z;40.65;50.761;33;4.8;;;;1;;;;34
1985-09-20T06:29:40.290Z;40.776;42.588;10;4.5;;;;1.1;;;;6
1985-09-02T02:13:34.260Z;43.245;46.873;33;4.7;;;;0.2;;;;3
1985-08-12T02:54:42.650Z;39.922;39.811;20.4;4.9;;;;0.9;;9.4;;37
1985-07-04T05:08:31.580Z;42.132;45.86;33;5.4;;;;1.3;;;;
1985-05-09T18:50:22.980Z;39.299;48.771;33;4.5;;;;1.1;;;;2
1985-04-18T16:34:41.130Z;39.783;44.799;33;4.5;;;;1.3;;;;3
1985-04-03T01:44:26.830Z;38.099;48.422;26.3;4.7;;;;1.2;;6.9;;13
1985-02-27T16:34:19.460Z;37.956;43.073;42.9;4.6;;;;1.2;;11.8;;14
1985-02-16T21:33:29.100Z;39.842;41.816;10;4.9;;;;1.4;;;;22
1985-02-05T22:19:07.990Z;39.73;49.096;33;4.5;;;;1.2;;;;8
1984-12-03T07:38:10.340Z;37.971;43.147;35.6;5.7;;;;1.1;;5.8;;2
1984-10-26T15:08:04.270Z;40.401;41.57;64.1;4.6;;;;0.9;;6.8;;22
1984-10-21T18:04:26.920Z;40.723;42.452;32.1;4.7;;;;1.2;;8.8;;43
1984-10-19T12:59:58.370Z;40.589;42.222;10;4.6;;;;1.2;;;;7
1984-10-18T09:46:24.610Z;40.545;42.403;60.2;5.4;;;;1.1;;3.7;;
1984-10-17T20:45:04.640Z;40.848;42.442;33;4.5;;;;0.9;;;;12
1984-10-17T14:16:06.310Z;40.869;42.702;33;4.7;;;;0.8;;;;6
1984-09-30T15:33:19.460Z;37.87;48.966;33;4.5;;;;1.5;;;;8
1984-09-18T13:26:01.880Z;40.885;42.219;10;5.5;;;;1.2;;;;
1984-09-02T01:15:57.220Z;42.506;48.853;33;4.6;;;;0.9;;;;3
1984-08-24T11:31:41.680Z;38.46;45.943;10;4.9;;;;1.2;;;;5
1984-07-04T21:25:54.490Z;42.781;41.139;33;4.7;;;;1;;;;15
1984-06-29T19:55:17.150Z;38.388;45.167;33;4.6;;;;1.1;;;;21
1984-04-26T22:36:01.950Z;43.132;45.992;33;4.6;;;;1;;;;8
1984-03-27T01:21:20.810Z;42.981;45.653;33;4.7;;;;1.2;;;;13
1984-03-25T02:44:58.120Z;38.488;45.231;33;4.5;;;;1.3;;;;5
1984-03-12T19:58:10.360Z;42.983;45.429;33;4.7;;;;1;;;;14
1984-03-11T23:58:22.790Z;43.359;41.078;10;4.8;;;;1.2;;;;48
1984-03-07T23:29:32.240Z;38.981;43.212;10;4.6;;;;1.3;;;;8
1984-03-04T19:24:46.160Z;43.07;45.614;33;5.3;;;;1.2;;;;72
1984-03-04T14:51:06.750Z;42.997;45.565;33;4.8;;;;1.3;;;;19
1984-03-04T10:01:34.740Z;43.058;45.49;33;5.2;;;;1.2;;;;4
1984-02-12T04:54:48.470Z;40.743;41.938;10;4.8;;;;0.9;;;;1
1984-01-30T05:58:25.790Z;42.904;45.549;33;4.7;;;;1.3;;;;9
1984-01-19T09:21:34.630Z;41.38;43.73;33;4.5;;;;1.3;;;;8
1983-12-17T00:14:24.860Z;41.176;44.118;33;4.6;;;;1.3;;;;11
1983-11-18T01:15:35.670Z;39.781;39.463;27.1;5;;;;1.1;;6.3;;56
1983-11-09T03:51:00.990Z;42.478;45.326;33;4.5;;;;1.1;;;;12
1983-11-02T14:56:00.750Z;40.152;41.836;10;4.5;;;;1.1;;;;7
1983-11-02T00:24:20.180Z;40.271;42.05;10;4.8;;;;1.1;;;;23
1983-11-02T00:15:16.120Z;40.231;42.166;10;4.7;;;;1.4;;;;13
1983-11-01T18:03:25.590Z;40.399;42.296;10;4.7;;;;1.2;;;;8
1983-10-30T12:40:22.850Z;40.337;42.171;17;5.3;;;;1;;;;45
1983-10-30T05:26:24.750Z;40.711;42.313;10;4.5;;;;1.4;;;;7
1983-10-30T04:12:27.130Z;40.33;42.187;11.6;6.8;;;;1.1;;3;;
1983-10-03T11:15:05.190Z;37.232;43.665;10;4.6;;;;1.1;;;;11
1983-06-20T00:28:36.140Z;39.915;42.095;10;4.6;;;;1.2;;;;6
1983-06-03T16:34:43.320Z;41.296;50.849;33;4.8;;;;1;;;;15
1983-04-12T17:13:46.880Z;40.577;50.068;33;4.6;;;;1.6;;;;4
1983-04-06T07:35:46.570Z;39.882;40.411;10;5;;;;1;;;;51
1983-04-02T00:32:27.770Z;39.042;48.714;33;4.6;;;;1.3;;;;7
1983-03-26T10:51:47.320Z;38.863;44.333;33;4.5;;;;1.1;;;;4
1983-02-23T05:33:55.430Z;40.56;50.034;33;4.6;;;;1.4;;;;5
1983-01-21T03:24:00.700Z;42.976;47.009;33;4.5;;;;1.2;;;;3
1983-01-01T23:06:18.530Z;39.242;40.203;10;4.6;;;;1;;;;5
1982-12-22T09:49:05.080Z;41.769;45.893;33;4.6;;;;1.2;;;;7
1982-12-17T06:51:33.810Z;40.991;49.561;33;4.7;;;;0.6;;;;7
1982-12-11T16:25:58.280Z;38.318;40.588;33;4.5;;;;1.1;;;;7
1982-12-09T22:31:38.870Z;38.338;40.599;10;4.9;;;;1.3;;;;33
1982-10-13T03:51:29.730Z;39.141;41.95;33;4.7;;;;1.2;;;;16
1982-05-29T14:21:57.570Z;39.413;43.67;10;4.8;;;;1.1;;;;33
1982-05-25T08:06:08.320Z;41.393;44.001;33;4.7;;;;1;;;;14
1982-05-19T13:32:54.910Z;39.867;42.242;33;4.6;;;;1;;;;14
1982-05-03T04:10:03.520Z;41.183;46.198;33;5.2;;;;1;;;;56
1982-04-29T16:27:16.830Z;41.024;48.092;33;4.5;;;;1.2;;;;15
1982-04-24T18:04:05.110Z;38.36;39.577;10;4.5;;;;1.1;;;;11
1982-03-27T19:57:23.160Z;39.167;41.899;33;5.4;;;;1.1;;;;58
1982-03-23T15:10:35.410Z;38.877;41.5;10;4.5;;;;1.5;;;;2
1982-03-23T09:56:09.850Z;39.003;42.066;10;4.6;;;;1.3;;;;6
1982-03-08T09:42:13.960Z;42.004;48.548;33;4.8;;;;1.2;;;;9
1982-01-20T08:25:41.720Z;40.232;47.814;33;4.8;;;;0.7;;;;24
1982-01-01T19:30:24.150Z;37.211;42.559;10;4.7;;;;1.4;;;;8
1981-12-04T02:35:36.750Z;40.865;48.325;33;4.7;;;;1.4;;;;15
1981-12-02T00:51:36.350Z;40.926;48.09;33;5.1;;;;1.2;;;;45
1981-11-29T23:37:32.640Z;40.836;48.078;44.7;5.1;;;;1.1;;6.4;;42
1981-11-19T14:10:35.810Z;40.734;49.193;33;5;;;;1.2;;;;33
1981-10-20T14:11:36.170Z;43.243;45.394;33;4.7;;;;0.9;;;;7
1981-10-19T05:49:51.080Z;43.515;45.537;33;4.6;;;;1;;;;4
1981-10-18T18:17:59.930Z;43.262;45.429;33;4.5;;;;1.1;;;;3
1981-10-18T05:22:28.300Z;43.257;45.308;33;5.7;;;;1.2;;;;3
1981-08-05T00:13:51.570Z;38.369;49.554;33;4.6;;;;0.9;;;;2
1981-08-04T18:51:53.870Z;38.24;49.501;33;4.5;;;;0.8;;;;4
1981-08-04T18:35:41.270Z;38.072;49.34;27;5.6;;;;0.9;;;;6
1981-07-23T14:07:13.910Z;37.314;45.257;33;4.6;;;;1.3;;;;4
1981-05-24T22:07:06.790Z;38.44;45.266;33;4.6;;;;1.2;;;;12
1981-05-12T17:43:03.470Z;42.83;45.765;33;5.1;;;;0.9;;;;59
1981-04-13T19:41:39.990Z;39.917;40.623;10;4.5;;;;0.9;;;;5
1981-02-23T04:06:39.580Z;41.793;45.975;33;5.1;;;;1.1;;;;52
1981-01-04T07:19:45.600Z;38.443;44.842;33;4.7;;;;;;;;
1980-12-29T21:53:04.000Z;38.609;45.019;33;4.6;;;;;;;;
1980-12-11T00:14:41.100Z;40.22;45.88;62;4.8;;;;;;;;
1980-10-18T03:14:10.000Z;39.851;40.254;35;5;;;;;;;;
1980-10-10T11:09:52.100Z;38.315;45.77;33;4.7;;;;;;;;
1980-09-05T21:09:51.800Z;42.507;44.858;33;4.5;;;;;;;;
1980-07-11T12:33:25.700Z;38.425;40.897;10;5;;;;;;;;